{
  "type": "FeatureCollection",
  "features": [
    {
      "type": "Feature",
      "geometry": {
        "type": "Point",
        "coordinates": [
          -59.309692,
          -33.154726
        ]
      },
      "properties": {
        "name": " CABRERA PORTEL, Luis Alberto ",
        "description": "“Huesito” CABRERA PORTEL nació el 26 de septiembre de 1948 en Gualeguay, Entre Ríos.\nLuis era obrero naval en Astilleros Acquamarina y militante de la Agrupación “Alessio” del gremio de los navales.\nMilitante de la Juventud Trabajadora Peronista (JTP) y del Bloque Sindical del Peronismo Auténtico.\nLuis fue secuestrado por la Triple A el 3 de febrero de 1976 en Calle 9 de Julio, Rincón de Milberg. Tigre, Buenos Aires, junto a Héctor Oscar Echeverría y Rosa María Casariego.\nAsesinado el 5 de febrero de 1976 en Muracca S/Nº a 10 cuadras de Ruta Provincial Nº 25. Cuartel V, Moreno. Buenos Aires junto a Héctor Oscar Echeverría y Rosa María Casariego. Tenía 27 años.\nSus restos fueron recuperados por su familia el 7 de febrero de 1976.",
        "fecha": "",
        "foto": "",
        "categoria": "Personas desaparecidas",
        "_umap_options": {
          "color": "crimson",
          "iconClass": "Circle"
        }
      }
    },
    {
      "type": "Feature",
      "geometry": {
        "type": "Point",
        "coordinates": [
          -59.326515,
          -33.150034
        ]
      },
      "properties": {
        "name": " DEL ROSSO FORMOSA, Domingo Raúl",
        "description": "“Negro” Nació el 31 de julio de 1947 en Gualeguay, Entre Ríos. Domingo hizo el secundario en el Comercial de Santa Fe en tanto vivía con su familia en el barrio de Guadalupe. Ya por ese tiempo comenzó a militar en la Unión de Estudiantes Secundarios (UES). Estudiante de Ingeniería Química, pero dedicándose de lleno a la militancia, le quedó pendiente tan sólo una materia para recibirse. Estaba casado con su compañera de militancia Stela Maris Hildbrand, con quien tuvo un hijo al que llamaron Pablo. Cuadro de la Juventud Peronista (JP) y Montoneros era responsable de todo el territorio; manejaba los barrios Barranquitas, Escalante y San Lorenzo. Domingo fue asesinado el 10 de diciembre de 1977 en Rosario, Santa Fe. Tenía 30 años.",
        "fecha": "",
        "foto": "",
        "categoria": "Personas desaparecidas",
        "_umap_options": {
          "color": "crimson",
          "iconClass": "Circle"
        }
      }
    },
    {
      "type": "Feature",
      "geometry": {
        "type": "Point",
        "coordinates": [
          -59.300079,
          -33.15184
        ]
      },
      "properties": {
        "name": " FERNÁNDEZ OCAMPO, Darío Ceferino",
        "description": "nació el 01 de septiembre de 1940 en Gualeguay, Entre Ríos. Hijo de Bautista Fernández y Doña Micaela Campos. Desde muy joven comenzó a militar en el peronismo. Trabajó en el Municipio de Campana, donde llegó a ser Revisor de Cuentas de la Comisión Directiva del Sindicato de Trabajadores Municipales. Se casó con Nora Eleuteria Pereyra en esa localidad y formó una familia, teniendo dos hijos: Corina y Claudio. Ya en su madurez comenzó a trabajar en Dálmine Siderca. También participó de la vida gremial de ese ámbito.\n Pasando Darío, a ejercer un rol más activo en este espacio Darío fue detenido – desaparecido el 27 de abril de 1976 en el trayecto entre su domicilio y su lugar de trabajo en Campana, Buenos Aires. Tenía 35 años.",
        "fecha": "",
        "foto": "",
        "categoria": "Personas desaparecidas",
        "_umap_options": {
          "color": "crimson",
          "iconClass": "Circle"
        }
      }
    },
    {
      "type": "Feature",
      "geometry": {
        "type": "Point",
        "coordinates": [
          -59.318275,
          -33.15794
        ]
      },
      "properties": {
        "name": "ARMELÍN TOMMASI, Juana María",
        "description": "Detenida-Desaparecida el 23/2/78\nNació el 24 de junio de 1948.\nMilitante del Partido Comunista Marxista Leninista (PCML).\nJuana y Camilo (su pareja) fueron detenidos el 23 de febrero de 1978 en su casa en calle\nNavarro 2.634 – Agronomía. provincia de Buenos Aires. por un grupo de personas armadas pertenecientes a la Policía Federal y al Ejército Argentino. En el operativo intervinieron un grupo de hasta 100 personas, camiones militares y soldados uniformados.\nEl día del secuestro de sus padres, a Camilo de 5 años y Pía de 3, los llevaron a una comisaría y más tarde los derivaron al orfanato Instituto Pilar Borgez de\nOtamendi. La familia pudo posteriormente recuperar a los chicos.\nJuana fue vista por sobrevivientes en los Centros Clandestinos de Detención\n(CCD) El Banco y El Olimpo, que dependían operacionalmente del Primer Cuerpo de Ejército.",
        "fecha": "",
        "foto": "",
        "categoria": "Personas desaparecidas",
        "_umap_options": {
          "color": "crimson",
          "iconClass": "Circle"
        }
      }
    },
    {
      "type": "Feature",
      "geometry": {
        "type": "Point",
        "coordinates": [
          -59.312782,
          -33.157006
        ]
      },
      "properties": {
        "name": "ARRATIVEL RION, Mario Alberto",
        "description": "Nació el 03 de octubre de 1962 en Gualeguay, Entre Ríos.\nMario fue detenido – desaparecido el 22 de julio de 1977 en Tarija 244 · Villa Sastre, Temperley, Lomas De Zamora, Buenos Aires junto a sus tíos Rosario Dominga Lasala Morales, José Ítalo Rion y su primo Juan Domingo.\nSobrevivientes los vieron en el Centro Clandestino de Detención, Tortura y Exterminio (CCDTyE) El Vesubio.  Tenía 14 años.",
        "fecha": "",
        "foto": "",
        "categoria": "Personas desaparecidas",
        "_umap_options": {
          "color": "crimson",
          "iconClass": "Circle"
        }
      }
    },
    {
      "type": "Feature",
      "geometry": {
        "type": "Point",
        "coordinates": [
          -59.323425,
          -33.158459
        ]
      },
      "properties": {
        "name": "CAMILIÓN MORISSE, Jorge Fortunato",
        "description": "Julio, el Chacho rubio, \"Viejo” CAMILIÓN MORISSE, nació el 11 de octubre de 1943 en Gualeguay, Entre Ríos. Casado, dos hijos Cecilia y Mario.\nEx dirigente gremial de municipales en Córdoba. Dirigente Gremial Uncba, Poder Obrero - Organización Comunista Poder Obrero (OCPO). Trabajaba como profesor de música y estudiaba abogacía.\nMilitante de la Organización Comunista Poder Obrero (OCPO). \nJorge fue asesinado el 09 de septiembre de 1977 en Gluk 3.380, Villa Tessei, Moron. Buenos Aires. Tenía 33 años.\nCuando llegan, Chacho estaba solo con el bebé. Lo cuida, lo arropa y lo cubre con un colchón.\nEl operativo estuvo a cargo de la base aérea de Morón y contó con la colaboración de la Comisaría de Villa Tesei. Numerosos camiones, autos intervienen según declaraciones de los vecinos, muchos hombres, de civil y de uniforme rodean la casita, con armas cortas y largas y atacan desde todos lados.\nDespués de terminado el ataque, entran a la casita, sacan al bebé y se lo entregan a la familia que habitaba en la esquina de la manzana de enfrente. Esa misma tarde, realizan otro operativo similar, con autos, camiones, armas largas y se llevan al bebé.\nMario, es llevado al Hospital Regional de Morón y luego a la casa cuna de La Plata, ingresado como NN.\nA la semana siguiente, su abuela materna, consigue recuperarlo con la colaboración de la encargada del Servicio Social del Hospital.",
        "fecha": "",
        "foto": "",
        "categoria": "Personas desaparecidas",
        "_umap_options": {
          "color": "crimson",
          "iconClass": "Circle"
        }
      }
    },
    {
      "type": "Feature",
      "geometry": {
        "type": "Point",
        "coordinates": [
          -59.325829,
          -33.154999
        ]
      },
      "properties": {
        "name": "CERRUDO ZANETTI, Carlos Florentino",
        "description": "“Negro/Coco” CERRUDO ZANETTI, nació el 05 de octubre de 1948 en Gualeguay. Chofer en Servicios Generales, División Transporte Terrestre, de Presidencia de la Nación.\nCarlos fue detenido – desaparecido el 9 de noviembre de 1976 de su domicilio en calle Sarmiento 2.877 1º A, Balvanera. Capital Federal, Buenos Aires. Sobrevivientes lo vieron en el Centro Clandestino de Detención, Tortura y Exterminio (CCDTyE) de la Escuela Superior de Mecánica de la Armada “ESMA”. Tenía 28 años.\nCaso incluido en causa judicial en la que se investigaron, probaron y condenaron delitos de lesa humanidad.\n“Negro/Coco” CERRUDO ZANETTI, nació el 05 de octubre de 1948 en Gualeguay. Chofer en Servicios Generales, División Transporte Terrestre, de Presidencia de la Nación.\nCarlos fue detenido – desaparecido el 9 de noviembre de 1976 de su domicilio en calle Sarmiento 2.877 1º A, Balvanera. Capital Federal, Buenos Aires. Sobrevivientes lo vieron en el Centro Clandestino de Detención, Tortura y Exterminio (CCDTyE) de la Escuela Superior de Mecánica de la Armada “ESMA”. Tenía 28 años.\nCaso incluido en causa judicial en la que se investigaron, probaron y condenaron delitos de lesa humanidad.",
        "fecha": "",
        "foto": "",
        "categoria": "Personas desaparecidas",
        "_umap_options": {
          "color": "crimson",
          "iconClass": "Circle"
        }
      }
    },
    {
      "type": "Feature",
      "geometry": {
        "type": "Point",
        "coordinates": [
          -59.302397,
          -33.151354
        ]
      },
      "properties": {
        "name": "CORREA VIGLIANO, Jorge Humberto",
        "description": "Nació el 5 de octubre de 1953 en Gualeguay, Entre Ríos. Militante de Montoneros.\nJorge fue herido, por un Grupo de Tareas de la Triple A (Alianza Anticomunista Argentina), en un procedimiento callejero el 15 de enero de 1975 en Zeppelin y Marconi _ a 50 m entrada planta industrial Borgward Argentina S.A., Isidro Casanova. La Matanza, Buenos Aires. Falleció el 16 de enero de 1975 en el Instituto de Cirugía de Haedo, Buenos Aires.\nDenuncia realizada en 2000. Tenía 21 años.",
        "fecha": "",
        "foto": "",
        "categoria": "Personas desaparecidas",
        "_umap_options": {
          "color": "crimson",
          "iconClass": "Circle"
        }
      }
    },
    {
      "type": "Feature",
      "geometry": {
        "type": "Point",
        "coordinates": [
          -59.326344,
          -33.152455
        ]
      },
      "properties": {
        "name": "DA-DALT CARBONI, Néstor Enrique",
        "description": "“Cachito” Nació el 15 de octubre de 1951 en Gualeguay donde cursó sus estudios primarios y secundarios estos últimos en la Escuela de Comercio. Continuó sus estudios universitarios en Santa Fe. Dos hijos. Militante del Partido Comunista Marxista Leninista (PCML). Néstor fue detenido – desaparecido el 22 de julio de 1978 en General Roca, Rio Negro. Tenía 26 años",
        "fecha": "",
        "foto": "",
        "categoria": "Personas desaparecidas",
        "_umap_options": {
          "color": "crimson",
          "iconClass": "Circle"
        }
      }
    },
    {
      "type": "Feature",
      "geometry": {
        "type": "Point",
        "coordinates": [
          -59.320679,
          -33.154775
        ]
      },
      "properties": {
        "name": "FURRER HURVITZ, Néstor Valentín",
        "description": "“Viscacha” nació el 02 de diciembre de 1950 en Gualeguay, Entre Ríos. Néstor estaba casado con Lucía Julia Perrier con quién tenía dos hijas – Alejandra Victoria y Natalia Silvia. Era estudiante de Ciencias Económicas. Militante del Partido Comunista Marxista Leninista (PCML). Néstor y Lucía fueron detenidos - desaparecidos el 2 de febrero de 1978 en Necochea. Buenos Aires, junto a sus hijas y trasladados a Mar del Plata. Alejandra Victoria y Natalia Silvia fueron abandonadas, por los represores, en una zona costera próxima a la playa Peralta Ramos; la noche del 4 de febrero de 1978, donde fueron halladas, por una patrulla de la Base Naval, siendo finalmente restituidas a sus respectivos abuelos. Sobrevivientes vieron a Néstor y Lucía en el Centro Clandestino de Detención (CCD) Base Naval Mar del Plata y hasta el 29 de julio de 1978 en el Centro Clandestino de Detención (CCD) La Cacha. Tenía 27 años.",
        "fecha": "",
        "foto": "",
        "categoria": "Personas desaparecidas",
        "_umap_options": {
          "color": "crimson",
          "iconClass": "Circle"
        }
      }
    },
    {
      "type": "Feature",
      "geometry": {
        "type": "Point",
        "coordinates": [
          -59.395523,
          -32.723159
        ]
      },
      "properties": {
        "name": "GALVÁN CABRERA, PEDRO ALBERTO",
        "description": "Nació el 1 de enero de 1951 en Gualeguay Entre Ríos. Fue integrante de una familia numerosa, originalmente radicada en el campo, en el 5° distrito. Creció junto con sus hermanos en el Hogar Escuela San Juan Bosco. Pedro estaba casado con Alicia Gladis Lombardo Carranza de Galván con quien tenía un hijo Juan Alberto Obrero de la Construcción, trabajaba en el Arsenal de Zárate. Militante de Montoneros. Pedro y Alicia fueron detenidos – desaparecidos el 14 de enero de 1978 en Ascasubi 476 -Barrio San Jacinto- Zarate, Buenos Aires. Sobrevivientes los vieron en el Centro Clandestino de Detención, Tortura y Exterminio (CCDTyE) Jefatura de Policía, Servicio de Informaciones Rosario, Santa Fe. Tenía 27 años.",
        "fecha": "",
        "foto": "",
        "categoria": "Personas desaparecidas",
        "_umap_options": {
          "color": "crimson",
          "iconClass": "Circle"
        }
      }
    },
    {
      "type": "Feature",
      "geometry": {
        "type": "Point",
        "coordinates": [
          -59.316988,
          -33.154922
        ]
      },
      "properties": {
        "name": "GIMÉNEZ, Ricardo Gabriel",
        "description": "“Negro” nació el 29 de diciembre de 1946 en Gualeguay, Entre Ríos. A raíz de la muerte de su padre, Juan Asunción Vergara, en 1946 la madre de Ricardo decidió trasladarse junto a Juan Pablo, Ricardo y Josefina a Zárate. Allí Ricardo cursó el nivel primario en la Fundación Eva Perón de Ezeiza. El secundario lo cursó en el colegio Belgrano de Escobar. Mientras cursaba el secundario, Ricardo comenzó a colaborar con el sindicato de peones rurales. Su familia era muy conocida en Loma Verde: tenían una panadería, luego abrirían el bar “la Cueva”.\nA principios de los ’70 ingresó en el Instituto Nacional de Educación de Adultos (INEA), dictando clases en la sede del sindicato rural. Militante de la Juventud Peronista (JP) Zona Norte en provincia de Buenos Aires. Ricardo fue detenido - desaparecido el 7 de enero de 1976 en la casa de sus abuelos en calle Congreve y Junin, (Ruta Nacional Nº 9 Km 56) Barrio Loma Verde. Escobar. Buenos Aires. Asesinado el 30 de enero de 1976 en calle Tte. Gral. Pablo Ricchieri a 100 mts. de Ruta Nacional Nº 197, Paraje \"La Quema\". Cuartel V, Moreno, Buenos Aires. Sus restos fueron identificados por el Equipo Argentino de Antropología Forense (EAAF) en 2008 y enterrados en el Cementerio Municipal de Moreno. Tenía 29 años.",
        "fecha": "",
        "foto": "",
        "categoria": "Personas desaparecidas",
        "_umap_options": {
          "color": "crimson",
          "iconClass": "Circle"
        }
      }
    },
    {
      "type": "Feature",
      "geometry": {
        "type": "Point",
        "coordinates": [
          -59.313641,
          -33.15418
        ]
      },
      "properties": {
        "name": "HAUSCARRIAGA, Martín Andrés",
        "description": "Nació el 12 de noviembre de 1951 en Concordia. Entre Ríos.  Cursó la escuela secundaria en la Escuela Superior de Comercio de Gualeguay. Estudió Ingeniería en la Universidad Nacional del Litoral y en la Facultad de Ciencias Económicas de la Plata. Casado, una hija. \nMilitante del Partido Comunista Marxista Leninista (PCML). \nMartín fue detenido – desaparecido el 24 de mayo de 1978 en 14 de Julio 3600, Barrio San José Temperley y Lomas de Zamora. Buenos Aires. Sobrevivientes lo vieron en el Centro Clandestino de Detención, Tortura y Exterminio (CCDTyE) El Banco. Tenía 26 años.",
        "fecha": "",
        "foto": "",
        "categoria": "Personas desaparecidas",
        "_umap_options": {
          "color": "crimson",
          "iconClass": "Circle"
        }
      }
    },
    {
      "type": "Feature",
      "geometry": {
        "type": "Point",
        "coordinates": [
          -59.32291,
          -33.152025
        ]
      },
      "properties": {
        "name": "MASA OVANDO, JOSÉ ANTONIO “Pepe”",
        "description": "Nació el 13/04/1956 en Gualeguay.\nMilitaba en montoneros. \nFue secuestrado el 14/06/1976 a las 5hs., en Valparaíso 680, Pablo Nogués, Malvinas Argentinas, Buenos Aires; en un operativo ilegal de detención. \nTenía 20 años.",
        "fecha": "",
        "foto": "",
        "categoria": "Personas desaparecidas",
        "_umap_options": {
          "color": "crimson",
          "iconClass": "Circle"
        }
      }
    },
    {
      "type": "Feature",
      "geometry": {
        "type": "Point",
        "coordinates": [
          -59.318619,
          -33.151881
        ]
      },
      "properties": {
        "name": "NOCIGLIA BUSTAMANTE, Antonio Amadeo",
        "description": "ANTONIO AMADEO “Toni” nació el 17 de diciembre de 1947 en Gualeguay, Entre Ríos. \nAntonio fue detenido – desaparecido 03 de junio de 1977 en Munro, Vicente \nLópez. Buenos Aires. \nTenía 29 años.",
        "fecha": "",
        "foto": "",
        "categoria": "Personas desaparecidas",
        "_umap_options": {
          "color": "crimson",
          "iconClass": "Circle"
        }
      }
    },
    {
      "type": "Feature",
      "geometry": {
        "type": "Point",
        "coordinates": [
          -59.308147,
          -33.152311
        ]
      },
      "properties": {
        "name": "REBOLLEDO, Roberto Andrés ",
        "description": "Nació el 1 de agosto de 1949 en Gualeguay, Entre Ríos. Empleado de una estación de servicios. Militante de Montoneros. \nRoberto fue detenido – desaparecido el 13 de enero de 1978 en la Ruta Nacional Nº 9 Km 100 -Estación de servicio YPF- gomería, Lima. Zárate, Buenos Aires.\nTenía 28 años.",
        "fecha": "",
        "foto": "",
        "categoria": "Personas desaparecidas",
        "_umap_options": {
          "color": "crimson",
          "iconClass": "Circle"
        }
      }
    },
    {
      "type": "Feature",
      "geometry": {
        "type": "Point",
        "coordinates": [
          -59.312954,
          -33.151737
        ]
      },
      "properties": {
        "name": "RION PRADAL, José Ítalo",
        "description": "JOSÉ ÍTALO RION PRADAL nació el 02 de diciembre de 1920 en Gualeguay, Entre Ríos.\nHijo de Antonio Rion y Fernanda Pradal. \nCasado, un hijo.\nObrero del gremio de la carne.\nJosé fue detenido – desaparecido el 22 de julio de 1977 en Tarija 244 en Villa Sastre, Temperley. Lomas De Zamora, Buenos Aires, junto a su esposa Rosario Dominga Lasala Morales, su hijo Juan Domingo y su sobrino Mario Alberto Arrativel.\nSobrevivientes los vieron en el Centro Clandestino de Detención, Tortura y Exterminio (CCDTyE) El Vesubio. \nTenía 56 años.",
        "fecha": "",
        "foto": "",
        "categoria": "Personas desaparecidas",
        "_umap_options": {
          "color": "crimson",
          "iconClass": "Circle"
        }
      }
    },
    {
      "type": "Feature",
      "geometry": {
        "type": "Point",
        "coordinates": [
          -59.322739,
          -33.148002
        ]
      },
      "properties": {
        "name": "SEGOVIA ACOSTA, Jorge Raúl",
        "description": "“Sapo” nació el 04 de julio de 1946 en Gualeguay, Entre Ríos. Hijo de Martina Acosta y Antonio Concepción Segovia, cuatro hermanos: Martin, Julia, Julio y Jorge. Asistió a la Escuela Primaria Nº 1 \nCasado con Belkys Ferreira con quien tuvo seis hijos. La familia se mudó a General Rodríguez, donde Jorge comenzó a trabajar como albañil, pintor y electricista. \nMilitante del Partido Revolucionario de los Trabajadores (PRT) – Ejército  Revolucionario del Pueblo (ERP). Integrante de la Revista Estrella Roja. \nJorge fue detenido – desaparecido el 08 de julio de 1976 en el barrio Santa Brígida, General Rodríguez, Buenos Aires. Tenía 30 años.",
        "fecha": "",
        "foto": "",
        "categoria": "Personas desaparecidas",
        "_umap_options": {
          "color": "crimson",
          "iconClass": "Circle"
        }
      }
    },
    {
      "type": "Feature",
      "geometry": {
        "type": "Point",
        "coordinates": [
          -59.318018,
          -33.147964
        ]
      },
      "properties": {
        "name": "SURRACO BRITOS, Carlos Adolfo",
        "description": "“Bebito” nació el 27 de diciembre de 1942 en Entre Ríos. Estudió Derecho en la Universidad de El Salvador. Casado, dos hijos. Militante de Juventud Peronista (JP), fue nombrado director de Promoción en la comuna de Lomas de Zamora a mediados de 1973.  Mecánico.  \nCarlos fue detenido – desaparecido el 04 de abril de 1978 en un taller mecánico en Ingeniero Jacobacci, 25 de mayo, Ríos Negro. Sus hermanos también fueron detenidos desaparecidos, el 30 de septiembre de 1977 Eduardo Oscar y el 14 de marzo de 1978. Basilio Pablo. Ambos militaban en el PRT y ERP.\nCarlos tenía 35 años.",
        "fecha": "",
        "foto": "",
        "categoria": "Personas desaparecidas",
        "_umap_options": {
          "color": "crimson",
          "iconClass": "Circle"
        }
      }
    },
    {
      "type": "Feature",
      "geometry": {
        "type": "Point",
        "coordinates": [
          -59.400158,
          -32.723805
        ]
      },
      "properties": {
        "name": "WENNER ARENST, Tilo",
        "description": "Nació el 3 de febrero de 1931 en General Galarza, departamento Gualeguay. Entre Ríos.  \nPeriodista-Escritor del Diario “El Actual” de Escobar. Buenos Aires.  Casado. Dos hijos.   \nMilitante de Montoneros-Fam.  \nTilo fue secuestrado el 26 de marzo de 1976 en Alberdi Al 600 -Redacción Diario \"El Actual\" · Belén De Escobar, Escobar. Buenos Aires, junto a Gastón Roberto José Goncalvez.  \nAsesinado el 02 de abril de 1976 en Camino Isleño -\"a 300 m de puente sobre Río Luján\", Cañada de El Cazador, El Cazador, Escobar. Buenos Aires. Sobrevivientes lo vieron en el Centro Clandestino de Detención, Tortura y Exterminio (CCDTyE) Superintendencia de Seguridad Federal.  Sus restos fueron recuperados en 2009. Tenía 44 años.",
        "fecha": "",
        "foto": "",
        "categoria": "Personas desaparecidas",
        "_umap_options": {
          "color": "crimson",
          "iconClass": "Circle"
        }
      }
    },
    {
      "type": "Feature",
      "geometry": {
        "type": "Point",
        "coordinates": [
          -59.978828,
          -31.231298
        ]
      },
      "properties": {
        "name": "Agustin Hilario Ulrich Wendler ",
        "description": "Nació el 20 de abril de 1944 en Hernandarias, Paraná. Entre Ríos.  Casado con Alicia María Plataroti.  \nEmpleado, Operario en Todo Envase, Liniers \nAgustín fue detenido – desaparecido el 06 de abril de 1976 en Madero 1097, Versailles. Capital Federal. Tenía 31 años \nAsesinado el 10 de abril de 1976 en la Ruta Nacional Nº 197 -Loteo \"Merinyr\"-, Cuartel V, Moreno. Buenos Aires, junto a Tránsito Giménez (nacido en Bovril, La Paz), Juan Carlos Barrera, Julio Antonio Altamirano y María Celina Blanca Martelli.",
        "fecha": "",
        "foto": "",
        "categoria": "Personas desaparecidas",
        "_umap_options": {
          "color": "crimson",
          "iconClass": "Circle"
        }
      }
    },
    {
      "type": "Feature",
      "geometry": {
        "type": "Point",
        "coordinates": [
          -60.199585,
          -31.765537
        ]
      },
      "properties": {
        "name": "Alejandro Tomás Monaco Massarotto ",
        "description": "\"Mario/Tano nació el 3 de diciembre de 1952 en Córdoba. \nCasado con Zulema Raquel Matzkin. Estudiante de Ingeniería Electricista en la Universidad Nacional del Sur (UNS).\nMilitante de la Juventud Universitaria Peronista (JUP) y de Montoneros. \nAlejandro fue detenido el 1 de mayo de 1977 en Buenos Aires. Asesinado el 3 de agosto de 1977 en un falso enfrentamiento en López Jordán s/Nº, Paraná, Entre Ríos. \nReconocido el 15 de agosto por un comunicado del II Cuerpo de Ejército junto a Dario Miguel Valiño y Felipe Santiago Guerra.\n Zulema fue asesinada el 4 de septiembre de 1976 en lo que se conoció como “La Masacre de la Calle Catriel”\nSus restos fueron inhumados en el Cementerio Municipal de Paraná y recuperados por sus familiares el 17 de septiembre de 1977. Tenía 24 años.",
        "fecha": "",
        "foto": "",
        "categoria": "Personas desaparecidas",
        "_umap_options": {
          "color": "crimson",
          "iconClass": "Circle"
        }
      }
    },
    {
      "type": "Feature",
      "geometry": {
        "type": "Point",
        "coordinates": [
          -60.399399,
          -31.808144
        ]
      },
      "properties": {
        "name": "Alicia Beatriz Ramírez de Martini ",
        "description": "“Laura” nació el 4 de mayo de 1953 en Paraná, Entre Ríos. \nEstudiaba en la Facultad de Ciencias de la Educación de la Universidad Nacional de Entre Ríos (UNER). Trabajaba en el Tribunal de Cuentas de la Provincia.\nMilitante de Montoneros. \nAlicia fue asesinada el 6 de octubre de 1976 en calle Rivadavia 7.251, Santa Fe, junto a su compañero Luis Alberto “Bicho” Fadil estando embarazada de 4 meses y Mario Oreste Galuppo. \nSus restos fueron recuperados por su familia e inhumados en el Cementerio Municipal de Paraná. Entre Ríos. \nTenía 23 años.",
        "fecha": "",
        "foto": "",
        "categoria": "Personas desaparecidas",
        "_umap_options": {
          "color": "crimson",
          "iconClass": "Circle"
        }
      }
    },
    {
      "type": "Feature",
      "geometry": {
        "type": "Point",
        "coordinates": [
          -60.459824,
          -31.856564
        ]
      },
      "properties": {
        "name": "Andrés Alcides Uzín Fontana ",
        "description": "Nació el 3 de noviembre de 1953 en Paraná, Entre Ríos.    \nHizo la primaria y parte de la secundaria en el Colegio La Salle de Paraná. Los dos últimos años los cursó en la Escuela Normal “José María Torres”. \nA principios de los años 70 viajó a Buenos Aires y comenzó la carrera de \nMedicina en la Universidad Nacional de Buenos Aires (UBA). Allí conoció a Diana Rita Lijtman, quien sería su compañera de vida y de militancia.  \nMilitaban en la organización Montoneros.  Al agudizarse la represión Andrés dejó la facultad y comenzó a trabajar en el Banco Francés e Italiano para la América del Sur. Tiempo después abandonó el trabajo en el banco y comenzó a trabajar en una empresa metalúrgica. \nAndrés fue detenido – desaparecido el 8 de abril de 1977 en calle Santo Tomé 3.271 –inmediaciones de Villa del Parque- Capital Federal. Buenos Aires. Su compañera Diana Lijtman fue detenida-desaparecida al día siguiente, el 9 de \nabril de 1977, estando embarazada. \nAsesinado el 16 de mayo de 1977 en Av. Guzmán e/Concepción Arenal y Av. Jorge Newbery -Parque Los Andes – Chacarita.  Capital Federal. Tenía 23 años.",
        "fecha": "",
        "foto": "",
        "categoria": "Personas desaparecidas",
        "_umap_options": {
          "color": "crimson",
          "iconClass": "Circle"
        }
      }
    },
    {
      "type": "Feature",
      "geometry": {
        "type": "Point",
        "coordinates": [
          -60.477676,
          -31.752401
        ]
      },
      "properties": {
        "name": "Carlos Agustín Falcón González",
        "description": "Nació el 09 de marzo de 1945 en Paraná. Entre Ríos. Electricista en Fábrica Sampi. Delegado gremial de la fábrica de autoelevadores en la que trabajaba en el barrio de Constitución. Casado. Militante del Partido Socialista de los Trabajadores (PST). Carlos fue detenido – desaparecido el 27 de marzo de 1976 en calle 187 Nº 1.693, Bernal, Quilmes. Buenos Aires. Tenía 31 años",
        "fecha": "",
        "foto": "",
        "categoria": "Personas desaparecidas",
        "_umap_options": {
          "color": "crimson",
          "iconClass": "Circle"
        }
      }
    },
    {
      "type": "Feature",
      "geometry": {
        "type": "Point",
        "coordinates": [
          -60.518188,
          -31.837899
        ]
      },
      "properties": {
        "name": "Carlos Alberto García Albornoz ",
        "description": "Nació el 18 de abril de 1950 en Paraná, Entre Ríos. Casado. Militante Sindical. Obrero Operario en Kenia, Fábrica De Electrodomésticos Carlos fue detenido – desaparecido el 10 de agosto de 1976 en Olivetti 1222, Garín, Escobar. Tenía 26 años",
        "fecha": "",
        "foto": "",
        "categoria": "Personas desaparecidas",
        "_umap_options": {
          "color": "crimson",
          "iconClass": "Circle"
        }
      }
    },
    {
      "type": "Feature",
      "geometry": {
        "type": "Point",
        "coordinates": [
          -60.483856,
          -31.808728
        ]
      },
      "properties": {
        "name": "Claudio Marcelo Fink Atelman",
        "description": "“Francis” nació el 6 de enero de 1953 en Paraná, Entre Ríos. Hijo de Efraín Fink y Clara Atelman. Claudio fue inscripto en la Universidad Popular, por lo que mereció mil y una cargadas de parte de los abuelos. Desde muy pequeño demostró su afinidad por el estudio y la lectura, contagiado por los hábitos de un hogar donde se leía mucho. Claudio comenzó desde muy joven a interesarse y a formarse políticamente en su propia casa, fundamentalmente en las conversaciones con su padre. «La mamó en casa, las conversaciones, las charlas y todo… él fue creciendo en ese ambiente», eran las palabras de Efraín. En las mesas familiares era común entablar largas charlas políticas con sus padres y con amigos, ya desde el inicio de su militancia como estudiante. Claudio trabajó un tiempo en la Municipalidad de Paraná durante la intendencia de Juan Carlos Esparza. Luego pasó a trabajar en Agua y Energía Eléctrica, mientras estudiaba Ingeniería en la Universidad Tecnológica Nacional (UTN), en la época en que funcionaba en la Escuela Centenario. En la universidad, Claudio se acercó ideológicamente al peronismo, siguiendo las ideas de un socialismo nacional. En esta realidad se fue gestando el compromiso y la militancia de Claudio. Como estudiante estuvo presente en los centros de estudiantes; en la universidad fue uno de los principales protagonistas de la Juventud Universitaria Peronista (JUP). La responsabilidad política e ideológica de Claudio lo llevó a militar en la Organización Montoneros. En los inicios de 1976 estaba muy cerca de la conducción de la Organización en Paraná, y también ya era uno de los dirigentes de la Juventud Peronista (JP) Regional Paraná. El compromiso militante de Claudio era cada vez mayor, no sólo en la universidad sino también a nivel barrial. Claudio fue detenido - desaparecido el 12 de agosto de 1976 en calle Jujuy 273, Paraná. Entre Ríos. Sobrevivientes lo vieron en el Centro Clandestino de Detención y Tortura (CCDyT) Escuadrón de Comunicaciones Blindado II. Tenía 23 años.",
        "fecha": "",
        "foto": "",
        "categoria": "Personas desaparecidas",
        "_umap_options": {
          "color": "crimson",
          "iconClass": "Circle"
        }
      }
    },
    {
      "type": "Feature",
      "geometry": {
        "type": "Point",
        "coordinates": [
          -60.369186,
          -31.777213
        ]
      },
      "properties": {
        "name": "Cristina Isabel Planas Segovia ",
        "description": "Luli/Paula” nació el 31 de julio de 1944 en Paraná, Entre Ríos. \nJugó hasta el cansancio en el Pasaje Baucis, calle característica de la ciudad, porque sus padres tenían allí un almacén de ramos generales. Era generosa, por sobre todas las cosas, y tan aplicada como estudiosa. \nCursó la primaria en la Escuela Domingo Faustino Sarmiento, que quedaba a solo un par de cuadras de su casa. \nEn los pasillos de la Escuela Secundaria Normal José María Torres fue afianzando su inquietud de comprometerse a nivel social. Ahí mismo, donde se recibió de maestra, también dio sus primeros pasos en la militancia, al sumarse al reclamo por una escuela pública, libre y gratuita.\nAlegre, creativa, Cristina siempre hacía manualidades y en algunas oportunidades cosía su propia ropa.\nEstudiante de Arquitectura. Cristina y José María Molina se conocieron en la Facultad de Arquitectura de Rosario. \nIntegraban las filas del Partido Comunista (PC), pero después de un tiempo se  incorporaron al Partido Revolucionario de los Trabajadores – Ejército Revolucionario del Pueblo (PRT-ERP).\nHacia enero de 1972, Cristina cayó presa en la cárcel de Trelew, y quedó en libertad el 8 de agosto, días antes de la masacre perpetrada el 22. Un año después, el 5 de agosto, mientras José vivía en forma clandestina en Catamarca, se convirtieron en padres. Llegó a sus vidas Jorgelina Paula Molina Planas. \nEl 12 de agosto de 1974, José María fue fusilado junto a otros compañeros en \nla denominada Masacre de Capilla del Rosario en aquella provincia. \nCristina fue detenida – desaparecida el 15 de mayo de 1977 junto a Carlos Mario Lavergne y María Mercedes Camiou en la casa que compartían en Lanús, Buenos Aires. \nSobrevivientes la vieron en el Centro Clandestino de Detención, Tortura y \nExterminio (CCDTyE) La Cacha. \nTenía 31 años.\nTras el operativo, Jorgelina quedó a cargo de una vecina y fue llevada a un \nhogar donde la jueza Pons resolvió darla en adopción. \nEn 1984 Jorgelina recuperó su verdadera identidad, se reencontró con su hermano Damian y el resto de su familia.",
        "fecha": "",
        "foto": "",
        "categoria": "Personas desaparecidas",
        "_umap_options": {
          "color": "crimson",
          "iconClass": "Circle"
        }
      }
    },
    {
      "type": "Feature",
      "geometry": {
        "type": "Point",
        "coordinates": [
          -60.001144,
          -31.862396
        ]
      },
      "properties": {
        "name": "Daniel Leiss Weiber",
        "description": "Nació el 14 de junio de 1933 en Viale.\nDaniel fue detenido – desaparecido el 28 de diciembre de 1976 en su lugar de trabajo (se desempeñaba como sereno) en Munro, Vicente López. Buenos Aires. Tenía 43 años. \nDenuncia realizada en 1984.",
        "fecha": "",
        "foto": "",
        "categoria": "Personas desaparecidas",
        "_umap_options": {
          "color": "crimson",
          "iconClass": "Circle"
        }
      }
    },
    {
      "type": "Feature",
      "geometry": {
        "type": "Point",
        "coordinates": [
          -60.386353,
          -31.848982
        ]
      },
      "properties": {
        "name": "Darío Mario Valiño Freijó ",
        "description": "“Lucho” nació el 29 de septiembre de 1949 en Tres de Febrero, provincia de Buenos Aires. Tenía la doble nacionalidad argentina-española.  \nEl colegio secundario lo hizo en un industrial que luego le permitió trabajar en la fábrica de motocicletas “Zanella”.  \nFue parte del “Grupo Scout San Francisco de Asís” nucleado alrededor de la capilla que tenía el nombre del mismo santo, sita en Villa Bosch, partido de Tres de Febrero, provincia de Buenos Aires.  Militante de la Juventud Peronista y luego a Montoneros.     \nDarío fue secuestrado el 1 de julio de 1977 en calle A. Cafferata 4.437 – Fábrica Zanella- Tres de Febrero. Buenos Aires.  \nAsesinado en un “enfrentamiento” fraguado el 3 de agosto de 1977 en López Jordán s/Nº, Paraná. Entre Ríos. Darío tenía una hermana de nombre María Mercedes que también fue asesinada por la dictadura cívica militar.  Tenía 27 años.",
        "fecha": "",
        "foto": "",
        "categoria": "Personas desaparecidas",
        "_umap_options": {
          "color": "crimson",
          "iconClass": "Circle"
        }
      }
    },
    {
      "type": "Feature",
      "geometry": {
        "type": "Point",
        "coordinates": [
          -60.462227,
          -31.748898
        ]
      },
      "properties": {
        "name": "Emilia Susana Gaggero Perez de Pujals",
        "description": "“Laura” nació el 9 de marzo 1943 en Paraná, Entre Ríos. Psicóloga. Casada con Luis Enrique Pujals. Responsable política del equipo del Partido Revolucionario de los Trabajadores (PRT) de Comisión de Familiares de Presos Políticos, Estudiantiles y Gremiales (COFAPPEG) de la Capital Federal hasta fines del 72. Emilia formaba parte del Comité Central del Partido Revolucionario de los Trabajadores – Ejército Revolucionario del Pueblo (PRT-ERP). El 29 de marzo de 1976 en Av. Monsegur 1862 y La Patria (Quinta \"La Pastoril”) se realizó una reunión del Comité Central del PRT en la Reja, Moreno La quinta fue atacada por militares, ese mismo día Emilia fue asesinada, estando embarazada. Su cuerpo fue llevado a un hospital de la zona por las fuerzas armadas. Luego fue enterrado como \"NN\" en el Cementerio de Moreno. Los restos fueron identificados por el Equipo Argentino de Antropología Forense (EAAF) en el 2005 e inhumados el 8 de abril de 2006. Tenía 33 años.",
        "fecha": "",
        "foto": "",
        "categoria": "Personas desaparecidas",
        "_umap_options": {
          "color": "crimson",
          "iconClass": "Circle"
        }
      }
    },
    {
      "type": "Feature",
      "geometry": {
        "type": "Point",
        "coordinates": [
          -60.346527,
          -31.822148
        ]
      },
      "properties": {
        "name": "Ezequiel Antonio Valdez Leiva ",
        "description": "Nació el 08 de octubre de 1940 en Paraná, Entre Ríos\nExequiel fue asesinado el 04 de abril de 1975 Agüero y Adolfo Alsina -Puente Agüero (\"Siete Puentes\")- Gerli, Avellaneda. Buenos Aires, junto a José Orlando y Horacio Jorge Sosa. Tenía 34 años.",
        "fecha": "",
        "foto": "",
        "categoria": "Personas desaparecidas",
        "_umap_options": {
          "color": "crimson",
          "iconClass": "Circle"
        }
      }
    },
    {
      "type": "Feature",
      "geometry": {
        "type": "Point",
        "coordinates": [
          -60.503082,
          -31.734299
        ]
      },
      "properties": {
        "name": "Felipe Santiago Guerra",
        "description": "Nació en la provincia de Buenos Aires. \nJunto a su esposa, fueron secuestrados por el Ejército el 5 de julio de 1977, en el Partido de Tres de Febrero. Vivían en una pensión de Santos Lugares, provincia de Buenos Aires.\nFue asesinado, junto a tres/ cuatro compañeros, el 03/08/1977 en un supuesto enfrentamiento fraguado en una finca, perteneciente a las fuerzas armadas, en calle Lopéz Jordan s/nº en la ciudad de Paraná, Entre Ríos. \nDos hermanas del compañero van a Paraná y les entregan el cuerpo en un cajón que ellas transportaron al cementerio de su pueblo.",
        "fecha": "",
        "foto": "",
        "categoria": "Personas desaparecidas",
        "_umap_options": {
          "color": "crimson",
          "iconClass": "Circle"
        }
      }
    },
    {
      "type": "Feature",
      "geometry": {
        "type": "Point",
        "coordinates": [
          -60.384979,
          -31.738679
        ]
      },
      "properties": {
        "name": "Fernando Gabriel Piérola Mayor",
        "description": "Nació el 25 de junio de 1952 en Paraná, Entre Ríos. \nHijo de Amanda Mayor y Gabriel Héctor Piérola, quienes tuvieron seis hijos: \nAlvaro, Fernando, Gustavo, María Luz, Cristela y Emilce.\nEl secundario lo realizó en el Colegio Nacional Nº 1.  Fernando gustaba mucho de los deportes; creció a dos cuadras del Club Echagüe, renombrado por el básquet y sus bailes de carnaval. Entre marzo de 1974 y enero de 1975 viaja por Latinoamérica, descubriendo una realidad social que lo conmueve. \nCasado con Julia Morresi. Estudiante de Arquitectura en la Universidad Nacional del Nordeste (UNNE). Militante de Montoneros. \nFernando fue detenido el 20 de octubre de 1976 en Posadas, Misiones donde vivía desde hacía unos meses. \nDesaparecido el 13 de diciembre de 1976 en la Ruta nacional 11 Km 1042 “Masacre de Margarita Belén”. Chaco. \nSobrevivientes lo vieron en los Centros Clandestinos de Detención, Tortura y Exterminio (CCDTyE) la Casita de Mártires, la Casita del Rowing, Regimiento de Infantería 9, Dirección de Investigaciones de la Policía del Chaco, Alcaidía de Resistencia, Sección de Investigaciones de la Policía de la provincia de Chaco. \nTenía 24 años.",
        "fecha": "",
        "foto": "",
        "categoria": "Personas desaparecidas",
        "_umap_options": {
          "color": "crimson",
          "iconClass": "Circle"
        }
      }
    },
    {
      "type": "Feature",
      "geometry": {
        "type": "Point",
        "coordinates": [
          -60.499306,
          -31.749482
        ]
      },
      "properties": {
        "name": "Gerardo María Brugo Marco",
        "description": "“Gaucho” nació el 9 de noviembre de 1940 en Paraná, Entre Ríos.\nHizo la primaria en el Colegio La Salle de Paraná. Toda su secundaria la vivió como alumno pupilo; primero en Esperanza (Santa Fe. Curas alemanes) y luego en Buenos Aires en el Colegio San José.\nAl terminar el secundario comenzó la carrera de Ingeniería Química en Santa Fe. Fue empleado en el Banco de Santa Cruz entre los años 1967 y 1976. Se desempeñó en Río Gallegos, en las Sucursales de Calafate y finalmente en la de Capital Federal. Trabajó como tornero en una fábrica, fue chofer de remises y taximetrero con auto propio. En 1977 se recibió de Profesor de Natación. Gerardo fue detenido – desaparecido el 23 de marzo de 1981 -la noche del cambio de la Presidencia del dictador Videla por Viola- entre Avenida Santa Fe y Serrano, y domicilio, Palermo. Capital Federal, Buenos Aires. Tenía 39 años.",
        "fecha": "",
        "foto": "",
        "categoria": "Personas desaparecidas",
        "_umap_options": {
          "color": "crimson",
          "iconClass": "Circle"
        }
      }
    },
    {
      "type": "Feature",
      "geometry": {
        "type": "Point",
        "coordinates": [
          -60.452957,
          -31.772251
        ]
      },
      "properties": {
        "name": "Graciela Alicia Greca Balcar de Alonso",
        "description": "Nació el 15 de julio de 1951 en Paraná. \nCasada con Norberto Manuel Alonso.\nMilitante del Partido Revolucionario de los Trabajadores – Ejército Revolucionario del Pueblo (PRT-ERP). Alicia fue detenida - desaparecida el 31 de diciembre de 1976 en Salta 5375, Rosario, Santa Fe junto a su compañero Norberto Manuel estando embarazada de tres meses. Tenía 25 años.",
        "fecha": "",
        "foto": "",
        "categoria": "Personas desaparecidas",
        "_umap_options": {
          "color": "crimson",
          "iconClass": "Circle"
        }
      }
    },
    {
      "type": "Feature",
      "geometry": {
        "type": "Point",
        "coordinates": [
          -60.397339,
          -31.788886
        ]
      },
      "properties": {
        "name": "Horacio Mario Palma Brown ",
        "description": "“Gerónimo” nació el 21 de diciembre de 1925 \n en Paraná, Entre Ríos. Horacio estaba casado con Hebe Amanda Serna y tenía siete hijos. Contador Público Nacional, egresado de la Universidad Nacional de Buenos Aires (UBA) \nEra presidente de la Empresa Cerro Largo S.A.  Militante de Montoneros.\nHoracio fue detenido - desaparecido el 11 de enero de 1977 en calle O'Higgins 1686 de Hurlingham (ex Morón). Buenos Aires. Entre el 10 y el 12 de enero fueron secuestrados los principales accionistas de la firma, asesores legales y trabajadores, todos fueron llevados al Centro Clandestino de Detención, Tortura y Exterminio ESMA, donde luego de meses de cautiverio fueron obligados a transferir las tierras de Cerro Largo S.A. a la sociedad Wil-Ri. El nombre de esta S.A. estaba formado por la conjunción de las sílabas iniciales de los nombres de dos represores, Wil por Federico Williams, nombre falso del torturador de la ESMA, Francis William Whamond; y Ri por Héctor Ríos, nombre falso de Jorge Rádice, otro torturador del centro clandestino.\nSobrevivientes lo vieron en el Centro Clandestino de Detención, Tortura y Exterminio (CCDTyE) de la ESMA. Tenía 51 años.",
        "fecha": "",
        "foto": "",
        "categoria": "Personas desaparecidas",
        "_umap_options": {
          "color": "crimson",
          "iconClass": "Circle"
        }
      }
    },
    {
      "type": "Feature",
      "geometry": {
        "type": "Point",
        "coordinates": [
          -60.404205,
          -31.830899
        ]
      },
      "properties": {
        "name": "Ignacio Valentin Sabena ",
        "description": "Nació el 17 de febrero de 1926 en Paraná, Entre \nRíos.\nIgnacio fue detenido – desaparecido el 18 de noviembre de 1976 en Schubert y Chopin, barrio Las Mellizas. San Nicolás de Los Arroyos, San Nicolás. Buenos Aires.\nDenuncia realizada en 2013.",
        "fecha": "",
        "foto": "",
        "categoria": "Personas desaparecidas",
        "_umap_options": {
          "color": "crimson",
          "iconClass": "Circle"
        }
      }
    },
    {
      "type": "Feature",
      "geometry": {
        "type": "Point",
        "coordinates": [
          -60.435791,
          -31.840233
        ]
      },
      "properties": {
        "name": "José Alberto Martín Romero Stagnaro ",
        "description": "Nació el 16 de noviembre de 1949 en Paraná, Entre Ríos. \nIngeniero. \nJosé fue detenido - desaparecido el 26 de mayo de 1976 en Moreno, Capital Federal. Buenos Aires. \nTenía 26 años.",
        "fecha": "",
        "foto": "",
        "categoria": "Personas desaparecidas",
        "_umap_options": {
          "color": "crimson",
          "iconClass": "Circle"
        }
      }
    },
    {
      "type": "Feature",
      "geometry": {
        "type": "Point",
        "coordinates": [
          -60.338287,
          -31.797057
        ]
      },
      "properties": {
        "name": "José Antonio Tinta Aversa",
        "description": "Nació el 30 de octubre de 1938 en Paraná, Entre Ríos. \nMédico anestesista en la Clínica Santa Cecilia, San Fernando, Buenos Aires.   Casado. Cinco hijos.  \nJosé Antonio fue detenido – desaparecido el 22 de junio de 1977 en la Clínica Santa Cecilia, San Fernando. Buenos Aires. Tenía 38 años.",
        "fecha": "",
        "foto": "",
        "categoria": "Personas desaparecidas",
        "_umap_options": {
          "color": "crimson",
          "iconClass": "Circle"
        }
      }
    },
    {
      "type": "Feature",
      "geometry": {
        "type": "Point",
        "coordinates": [
          -60.302238,
          -32.026706
        ]
      },
      "properties": {
        "name": "Jose Mario Retamar ",
        "description": "Nació el 03 de octubre de 1947 en Entre Ríos.  \nEmpleado no docente del comedor universitario de la Universidad Nacional de La Plata (UNLP).\nMecánico.\nJosé fue detenido – desaparecido el 30 de octubre 1976 en La Plata, Buenos \nAires. \nTenía 29 años.",
        "fecha": "",
        "foto": "",
        "categoria": "Personas desaparecidas",
        "_umap_options": {
          "color": "crimson",
          "iconClass": "Circle"
        }
      }
    },
    {
      "type": "Feature",
      "geometry": {
        "type": "Point",
        "coordinates": [
          -60.417938,
          -31.726415
        ]
      },
      "properties": {
        "name": "Juan Alberto Osuna Sarmiento ",
        "description": "\"Tucho\", \"Pacho\"  \"Beto\" Nacio el 01/11/1948 en Paraná. \ntrabajaba en la Dirección de Catastro de la provincia, su familia supo que estuvo detenido unos días en Santa Fe o en Santa Tomé, antes de ser trasladado al centro clandestino de detención que funcionó durante la dictadura en el Escuadrón de Comunicaciones.\nEl 25 de septiembre del 1976 en horas de la madrugada, un grupo de efectivos de las fuerzas de seguridad acribillaron a balazos, a Fernández un compañero y Osuna al abrir fuego sobre una vivienda ubicada en calle Rondeau de la ciudad de Paraná, donde los habían dejado unos minutos antes, en un simulacro de enfrentamiento.\nIdentificado por el Equipo Argentino de Antropología Forense (EAAF) en 2007. Sus restos fueron exhumados en el Cementerio de Paraná, Entre Ríos.",
        "fecha": "",
        "foto": "",
        "categoria": "Personas desaparecidas",
        "_umap_options": {
          "color": "crimson",
          "iconClass": "Circle"
        }
      }
    },
    {
      "type": "Feature",
      "geometry": {
        "type": "Point",
        "coordinates": [
          -60.448837,
          -31.795306
        ]
      },
      "properties": {
        "name": "Juan Carlos Antonio Müller Ramos ",
        "description": "“Julio” nació el 17 de noviembre de \n1949 en Paraná, Entre Ríos.\nSu padre era ferroviario y ambos vivían precisamente en el barrio ferroviario de \nla zona de Boulogne, en la provincia de Buenos Aires. \nIntegrante de la Juventud Peronista (JP), militante de Montoneros. \nJuan Carlos fue asesinado el 19 de mayo de 1976 en la Ruta Panamericana y \nRuta Prov. Nº 202, Bancalari, partido de San Fernando, Buenos Aires. Tenía 26 \naños.",
        "fecha": "",
        "foto": "",
        "categoria": "Personas desaparecidas",
        "_umap_options": {
          "color": "crimson",
          "iconClass": "Circle"
        }
      }
    },
    {
      "type": "Feature",
      "geometry": {
        "type": "Point",
        "coordinates": [
          -60.331421,
          -31.76904
        ]
      },
      "properties": {
        "name": "Juan Carlos Quinteros Arques ",
        "description": "“Cacho” nació el 12 de noviembre de 1940 en Paraná, Entre Ríos.\nEra empleado en Empresa Exportadora. Estudiante Universitario de la carrera de Ciencias Económicas.\nJuan Carlos fue secuestrado – desaparecido el 03 de agosto de 1978 Florentino Ameghino 1345, Florida. Vicente López, Buenos Aires. \nTenía 37 años.",
        "fecha": "",
        "foto": "",
        "categoria": "Personas desaparecidas",
        "_umap_options": {
          "color": "crimson",
          "iconClass": "Circle"
        }
      }
    },
    {
      "type": "Feature",
      "geometry": {
        "type": "Point",
        "coordinates": [
          -60.459137,
          -31.823898
        ]
      },
      "properties": {
        "name": "Juan Carlos Sosa Goméz Sosa ",
        "description": "JUAN CARLOS “Hugo” GÓMEZ SOSA, nació el 12 de junio de 1946 en Paraná, Entre Ríos. Hijo de Benjamina Sosa y Juan de la Cruz Gómez, el mayor de ocho hermanos. Juan Carlos hizo la escuela primaria en la Escuela Provincial República de Chile cursando hasta primer año en la Escuela Base Aérea. A partir de allí decidió abandonar sus estudios, al ver la problemática económica que atravesaba su familia y empezó a trabajar con su padre, como colectivero.\nCon otros compañeros formaron el primer sindicato de choferes de colectivo (SOETAP). Este sindicato consiguió numerosos beneficios para sus afiliados, constituyéndose para ese entonces en uno de los empleos mejor remunerados de la época.\nEl 8 de febrero de 1969 contrajo matrimonio con Alicia Paez, en diciembre del mismo año nació su única hija, Daniela. En los primeros meses de 1970, a raíz de fuertes enfrentamientos con el sector patronal, fue encarcelado y luego despedido.\nHacia 1974 se trasladó con su familia a Buenos Aires donde junto a otros compañeros, conformaron lo que dio en llamarse “La Corporación de los Camioneros”. \nDentro de la organización Montoneros integró el Grupo de Logística Federal, usando como alias el nombre de “Gordo Hugo”;el camionero “Paco”.\nJunto a su familia estuvo viviendo en Villa Adelina. Hacia marzo de 1977 su lugar de residencia fue El Palomar. Juan Carlos Sosa Gómez fue detenido - desaparecido el 16 de marzo de 1977 en la Estación de Trenes de Haedo –Ferrocarril General Roca- Buenos Aires y llevado al Centro Clandestino de Detención, Tortura y Exterminio (CCDTyE) de la ESMA. Tenía 30 años.",
        "fecha": "",
        "foto": "",
        "categoria": "Personas desaparecidas",
        "_umap_options": {
          "color": "crimson",
          "iconClass": "Circle"
        }
      }
    },
    {
      "type": "Feature",
      "geometry": {
        "type": "Point",
        "coordinates": [
          -60.010757,
          -31.862396
        ]
      },
      "properties": {
        "name": "Liliana Clelia Fontana Deharbe de Sandoval",
        "description": "“Pati /La Flaca /Patricia” nació el 21 de diciembre de 1956 en Viale, Entre Ríos. En Viale pasaron su infancia Liliana, Edgardo y Silvia. Luego cuando ella tenía 11 años se trasladó con su familia a la ciudad de Villaguay, posteriormente se trasladó a Caseros, Partido de 3 de Febrero en la Provincia de Buenos Aires. Primero estudio en el colegio Nuestra Señora de la Merced y luego en la escuela nocturna N° 2 José Hernández donde termino sus estudios en 1974. Allí organizo el centro de estudiantes. Estudio teatro, organizaba charlas y baile. Estudio guitarra. Y el oficio de Peluquería. Luego comenzó su actividad sindical trabajando en la fábrica de Shampoo Wella, también tuvo su trabajo militante en distintos barrios. Liliana vivía con su esposo, Pedro Sandoval. Estaba esperando su primer hijo al que llamarían Pedro. Ambos militaban en el Frente Revolucionario “17 de Octubre” (FR-17) Liliana Y Pedro fueron secuestrados el 1° de julio de 1977, por fuerzas conjuntas en su casa de Caseros, Partido de Tres de Febrero en la Provincia de Buenos Aires. En ese momento, Liliana estaba embarazada de 2 meses y medio. Sobrevivientes los vieron en el Centro Clandestino de Detención, Tortura y Exterminio (CCDTyE) Club Atlético donde permanecieron por más de 4 meses. El 26 de diciembre de 1977 fue trasladada al Centro Clandestino de Detención, Tortura y Exterminio (CCDTyE) y Maternidad Clandestina de la ESMA ya con fecha de parto. Allí nació Pedro Sandoval Fontana. Se estima que estuvieron juntos unos 3 meses tiempo en que “Lili” le brindó todo su amor. Pero la historia no continuó como debía. Pedro fue apropiado por un comandante de gendarmería de Campo de Mayo, Víctor Enrique Rei, y permaneció privado de su identidad durante 28 años. Liliana tenía 20 años. Su hijo Alejandro Pedro recuperó su verdadera identidad en julio de 2006. Había sido inscripto como hijo propio por el represor Víctor Enrique Rei ex agente de inteligencia de Gendarmería Nacional.",
        "fecha": "",
        "foto": "",
        "categoria": "Personas desaparecidas",
        "_umap_options": {
          "color": "crimson",
          "iconClass": "Circle"
        }
      }
    },
    {
      "type": "Feature",
      "geometry": {
        "type": "Point",
        "coordinates": [
          -60.423431,
          -31.813396
        ]
      },
      "properties": {
        "name": "Lucia Julia Perreire Frías de Furrer",
        "description": "“Chispi” nació el 07 de diciembre de 1956 en Paraná, Entre Ríos. \nLucía estaba casada con Néstor Valentín Furrer con quién tenía dos hijas, Alejandra Victoria y Natalia Silvia.  \nAmbos militaban en el Partido Comunista Marxista Leninista (PCML).\nLucía y Néstor fueron detenidos – desaparecidos el 2 de febrero de 1978 en \nNecochea. Buenos Aires. \nAlejandra Victoria y Natalia Silvia fueron abandonadas por los represores en \nuna zona costera próxima a la playa Peralta Ramos; la noche del 4 de febrero de 1978, donde fueron halladas por una patrulla de la Base Naval, siendo finalmente restituidas a sus respectivos abuelos. \nSobrevivientes vieron a Lucía y Néstor en los Centros Clandestinos de Detención (CCD) Base Naval de Mar del Plata y La Cacha hasta el 29 de julio 1978. \nTenía 21 años",
        "fecha": "",
        "foto": "",
        "categoria": "Personas desaparecidas",
        "_umap_options": {
          "color": "crimson",
          "iconClass": "Circle"
        }
      }
    },
    {
      "type": "Feature",
      "geometry": {
        "type": "Point",
        "coordinates": [
          -60.497246,
          -31.761451
        ]
      },
      "properties": {
        "name": "Luis Alberto Fadil Núñez ",
        "description": "“Bicho/ Justo” nació el 7 de julio de 1956 en Paraná, Entre Ríos. Fue uno de los principales referentes de la Agrupación de Estudiantes Secundarios (AES) en Entre Ríos. Militante de Montoneros. Luis fue asesinado el 6 de octubre de 1976 en calle Rivadavia 7.251, Santa Fe, junto a su Compañera Alicia Ramírez quien estaba embarazada de 4 meses y Mario Oreste Galuppo. Sus restos fueron recuperados por su familia y se encuentran en el Cementerio Parque de la Paz de Paraná. Tenía 20 años.",
        "fecha": "",
        "foto": "",
        "categoria": "Personas desaparecidas",
        "_umap_options": {
          "color": "crimson",
          "iconClass": "Circle"
        }
      }
    },
    {
      "type": "Feature",
      "geometry": {
        "type": "Point",
        "coordinates": [
          -60.005436,
          -31.866624
        ]
      },
      "properties": {
        "name": "Luis Alberto Spoturno Pérez ",
        "description": "“Lucho” nació el 06 de febrero de 1955 en Viale, Paraná. Entre Ríos.  Luis estaba casado con Alicia Haydee Jáuregui con quien tenía un hijo llamado  Federico nacido el 27 de julio de 1975. Ambos militaban en el Partido Revolucionario de los Trabajadores – Ejército Revolucionario del Pueblo (PRT-ERP).  \nLuis fue asesinado el 23 de diciembre de 1975 en el Batallón Depósito de  Arsenales 601 \"Domingo Viejobueno\", Monte Chingolo. Bernal, Quilmes. Buenos Aires. Enterrado en una fosa común en el Cementerio de Avellaneda junto a 49 militantes más. Alicia fue secuestrada el 26 de agosto de 1976 en la casa de unos compañeros en la localidad de Merlo, provincia de Buenos Aires. Sobrevivientes la vieron en la Comisaría 4° de Martínez.   En 1984 Federico fue localizado. Desde el secuestro de su madre había  permanecido a cargo de una familia, la cual nunca le negó su identidad y lo cuidó hasta que pudo reencontrarse con su familia biológica. \nLuis tenía 20 años cuando fue asesinado.",
        "fecha": "",
        "foto": "",
        "categoria": "Personas desaparecidas",
        "_umap_options": {
          "color": "crimson",
          "iconClass": "Circle"
        }
      }
    },
    {
      "type": "Feature",
      "geometry": {
        "type": "Point",
        "coordinates": [
          -59.98518,
          -31.231445
        ]
      },
      "properties": {
        "name": "Luis Roberto Pender Gross",
        "description": "Nació el 11 de julio de 1945 en Villa Hernandarias, Paraná. Entre Ríos. \nSe desempeñaba como técnico Mecánico en empresa SAFRAR (Peugeot – Berazategui, Buenos Aires). Delegado de PEUGEOT – SMATA.\nMilitante del Partido Comunista. (PC)\nLuis fue detenido – desaparecido el 10 de mayo de 1976 en Calle 885 Nº 4260 \nSan Francisco Solano, Quilmes. Buenos Aires. \nTenía 30 años.",
        "fecha": "",
        "foto": "",
        "categoria": "Personas desaparecidas",
        "_umap_options": {
          "color": "crimson",
          "iconClass": "Circle"
        }
      }
    },
    {
      "type": "Feature",
      "geometry": {
        "type": "Point",
        "coordinates": [
          -60.461197,
          -31.803476
        ]
      },
      "properties": {
        "name": "Marcelo Daniel Rodriguez Boladeras ",
        "description": "“Chelo” nació el 05 de enero de 1952 en Paraná, Entre Ríos. \nEra hijo Único.\nEstudiante de la Facultad de Ciencias Jurídicas y Sociales de la Universidad \nNacional de Córdoba (UNC). \nObrero fabril. Militante de la Juventud Universitaria Peronista (JUP), Montoneros.\nMarcelo fue detenido – desaparecido el 07 de diciembre de 1976 en Córdoba \nCapital. Sobrevivientes lo vieron en el Centro Clandestino de Detención, Tortura y Exterminio (CCDTyE) La Perla. \nTenía 25 años.",
        "fecha": "",
        "foto": "",
        "categoria": "Personas desaparecidas",
        "_umap_options": {
          "color": "crimson",
          "iconClass": "Circle"
        }
      }
    },
    {
      "type": "Feature",
      "geometry": {
        "type": "Point",
        "coordinates": [
          -60.476303,
          -31.774878
        ]
      },
      "properties": {
        "name": "María Irma Ferreyra Turinetto ",
        "description": "“Negra” nació el 3 de febrero de 1954 en Guaymallén, Mendoza. María Irma fue la quinta hija del matrimonio compuesto por Lucio Wenceslao Ferreira y María Esther Turinetto. A principios de 1957 la familia se trasladó a Paraná, donde Irma creció. Vivió toda su infancia y adolescencia en el Barrio Tiro Federal, en la esquina de calle Ayacucho y Los Dragones. Sus hermanos, de mayor a menor: María Teresa, María Graciela, José Rubén, María Esther Bernardita (fallecida a la edad de dos años), María Susana, Lucio César, María Laura, María Marta, María Cristina, las mellizas María Silvina y María Silvana y María Lucía (fallecida). Comenzaba el año 1972, cuando se inscribió, junto a su hermana María Susana, en la Facultad de Ingeniería Agrónoma, que funcionaba en la Escuela Alberdi. Allí se interioriza de los problemas estructurales de la facultad y se involucra de inmediato en pos de un cambio que permita al egresado en Ciencias Agropecuarias estar al servicio de nuestros campesinos, quienes no tenían acceso a créditos, ni a recursos y menos aún a asesoramiento gratuito. Defendiendo estos principios y como algo natural se suma a las filas de la Juventud Universitaria Peronista (JUP) y realiza un curso de ayuda en el campo destinado a pequeños productores. Muy inquieta en cuanto a las necesidades de la mujer de campo, que generalmente no había terminado los estudios primarios y estaba postergada por la tradición en esta sociedad, desde la Facultad de Agronomía, junto con la Facultad de Ciencias de la Educación, lanza un plan de alfabetización que abarcará a toda la provincia A fines de 1975, con el país en caos, convertido en persecución hacia militantes o personas activistas de alguna organización, María Irma se va a la capital santafecina con su compañero Omar Fernando Bravo, que ya había pasado a la clandestinidad debido a la persecución de que era objeto en su ciudad natal, Diamante. El 23 de abril de 1976, a solo un mes de instalada la dictadura cívico militar, llegó una resolución a la Facultad de Ciencias Agropecuarias, proveniente del Delegado Militar en la Universidad Nacional de Entre Ríos, ordenando al Decano Normalizador de dicha facultad, Rodolfo Caminos, a suspender por tiempo indeterminado y prohibir el acceso a la facultad, a ocho alumnos que se mencionron en la misma, incluidos María Irma, su hermana María Susana, su novio Rodolfo Nin y Eduardo Ayala (presidente del Centro de Estudiantes) entre otros. María Irma y Omar militaban en la Juventud Universitaria Peronista (JUP) y Montoneros. Fueron asesinados el 7 de enero de 1977 en calle Cullen 1.617, Rosario. Santa Fe. Sus restos fueron recuperados por su familia. Tenía 23 años",
        "fecha": "",
        "foto": "",
        "categoria": "Personas desaparecidas",
        "_umap_options": {
          "color": "crimson",
          "iconClass": "Circle"
        }
      }
    },
    {
      "type": "Feature",
      "geometry": {
        "type": "Point",
        "coordinates": [
          -60.475616,
          -31.737803
        ]
      },
      "properties": {
        "name": "María Victoria Gazzano Bertos",
        "description": "“Vicky/ Coca” Nació el 26 de agosto de 1955 en Paraná, Entre Ríos. Era la mayor de dos hijos del matrimonio de José Alejandro Gazzano y Lidia Argentina Bertos. Completó sus estudios secundarios en el Instituto Cristo Redentor donde fue una alumna destacada. Era una católica practicante, asistiendo regularmente a la parroquia San José Obrero –cuyo solar fue donado por la familia Gazzano- además trabajaba como misionera con las Hermanas Franciscanas que seguían el ideario de la Teología de la Liberación llevada adelante por el Movimiento de Sacerdotes para el Tercer Mundo (MSTM). Militante de la Juventud Universitaria Peronista (JUP). Cursaba el cuarto año de la carrera de arquitectura en la Universidad Nacional de Rosario. María Victoria fue detenida – desaparecida el 14 de septiembre de 1976 en inmediaciones de Rosario, Santa Fe mientras caminaba a pocas cuadras de su casa en Rosario, un grupo de hombres vestidos de civil se le abalanzaron y la empujaron dentro del vehículo Ford Falcon, sin que ella pudiera alcanzar a reaccionar, la madrugada siguiente la casa familiar en Paraná fue allanada. Asesinada el 14 de septiembre de 1976 en Camino \"El Espinillo\", Pueblo Andino, Iriondo. Santa Fe. Enterrada como NN en el Cementerio de Pueblo Andino, cercano a Rosario. El hecho conmocionó a la localidad porque la aparición del cuerpo coincidió con la desaparición de una joven de similar edad, con quien fue confundida en el velatorio, hasta que la joven retornó a su hogar. Sus restos fueron recuperados por el Equipo Argentino de Antropología Forense (EAAF) en 2012 y enterrados en el Cementerio Municipal de Paraná. Tenía 21 años.",
        "fecha": "",
        "foto": "",
        "categoria": "Personas desaparecidas",
        "_umap_options": {
          "color": "crimson",
          "iconClass": "Circle"
        }
      }
    },
    {
      "type": "Feature",
      "geometry": {
        "type": "Point",
        "coordinates": [
          -60.507202,
          -31.768164
        ]
      },
      "properties": {
        "name": "Mariano Belisario Iturriza Benítez",
        "description": "\"Chino\" nació el 01/11/1948 en Paraná.\nFue asesinado el 1 de marzo de 1977 en calle Pichincha Y Garibaldi, Villa Luzuriaga, La Matanza, Buenos Aires. Tenía 28 años.\nEstudiante en Filosofía y Letras de Sociología. \nMilitante de la Juventud Trabajadora Peronista (JTP) y de Montoneros.\nEstaba en pareja con Rosa Ana Nusbaum, quien a los 6 meses de embarazo fue secuestrada. osiblemente pasó por el Centro Clandestino de Detención, Tortura y Exterminio (CCDTyE) de Campo de Mayo antes de su asesinato.  Ella y el niño/a que debió nacer en cautiverio permanecen desaparecidos.\nLos restos de Mariano fueron recuperados por su familia.",
        "fecha": "",
        "foto": "",
        "categoria": "Personas desaparecidas",
        "_umap_options": {
          "color": "crimson",
          "iconClass": "Circle"
        }
      }
    },
    {
      "type": "Feature",
      "geometry": {
        "type": "Point",
        "coordinates": [
          -60.418625,
          -31.754445
        ]
      },
      "properties": {
        "name": "Mario Eduardo Menéndez Genolet ",
        "description": "\"Mauricio\" Nació el 12/09/1957 en Paraná.\nMilitante de la Unión de Estudiantes Secundarios (UES) en el colegio Don Bosco. y se comprometió con el movimiento religioso mallista. Egresado de dicho establecimiento educativo en 1975 pasa a formar parte de la Organización Montoneros. \nMilitaba en montoneros.\nFue detenido-desaparecido en un operativo ilegal de detención el 10/09/1977 en Rosario, Santa Fe. \nEstudiante universitario.\nTenía 19 años.",
        "fecha": "",
        "foto": "",
        "categoria": "Personas desaparecidas",
        "_umap_options": {
          "color": "crimson",
          "iconClass": "Circle"
        }
      }
    },
    {
      "type": "Feature",
      "geometry": {
        "type": "Point",
        "coordinates": [
          -60.37674,
          -31.821565
        ]
      },
      "properties": {
        "name": "Marta Susana Terradas Pico",
        "description": "Nació el 17 de junio de 1950 en Gualeguaychú, Entre Ríos.    \nContadora Pública de la Universidad Católica Argentina, y delegada en el Banco de Entre Ríos.  \nMilitante de Montoneros.  \nMarta fue detenida – desaparecida el 20 de agosto de 1977 en calle Montevideo 2.520, Rosario. Santa Fe. Tenía 27 años.",
        "fecha": "",
        "foto": "",
        "categoria": "Personas desaparecidas",
        "_umap_options": {
          "color": "crimson",
          "iconClass": "Circle"
        }
      }
    },
    {
      "type": "Feature",
      "geometry": {
        "type": "Point",
        "coordinates": [
          -60.536385,
          -31.732547
        ]
      },
      "properties": {
        "name": "Martin Aguilar",
        "description": "Martin nacio el 26 de noviembre de 1938 en Paraná, Entre Ríos.\nEstaba casado, y tenía cuatro hijos. Era jornalero.\nMartín fue detenido – desaparecido el 14 de febrero de 1975 en el Partido de\nLa Matanza, Buenos Aires. Tenía 36 años.",
        "fecha": "",
        "foto": "",
        "categoria": "Personas desaparecidas",
        "_umap_options": {
          "color": "crimson",
          "iconClass": "Circle"
        }
      }
    },
    {
      "type": "Feature",
      "geometry": {
        "type": "Point",
        "coordinates": [
          -60.537758,
          -31.741891
        ]
      },
      "properties": {
        "name": "Miguel Ángel Roberto Arra Sain ",
        "description": "El “turco” nació el 20 de agosto de 1946 en Paraná, Entre Ríos.\nCursó la primaria en la Escuela Belgrano y la secundaria en el Colegio Nacional Domingo Faustino Sarmiento.\nEstudió en la Universidad Nacional de la Plata (UNLP) y se Licencio en Ciencias Naturales – Zoólogo. Dictaba clases en la Facultad de Ciencias Naturales, hasta que fue dejado cesante cuando la casa de estudios fue intervenida, a fines de 1974. Militataba en el Peronismo.\nFue detenido – desaparecido el 24 de junio de 1975 en el Paraje El Gallinato,\nSalta. Tenía 28 años.",
        "fecha": "",
        "foto": "",
        "categoria": "Personas desaparecidas",
        "_umap_options": {
          "color": "crimson",
          "iconClass": "Circle"
        }
      }
    },
    {
      "type": "Feature",
      "geometry": {
        "type": "Point",
        "coordinates": [
          -60.371246,
          -31.801142
        ]
      },
      "properties": {
        "name": "Nicolas Miguel Angel Roman Bathory ",
        "description": "“Pipo” nació el 31 de mayo de 1939 en Paraná, Entre Ríos. \nEra técnico en Seguridad e Higiene en los Talleres Electrometalúrgicos Norte SA \n(T.E.N.S.A).\nNicolas fue detenido – desaparecido el 07 de mayo de 1976 en Moldes 1375 4º, Colegiales, Capital Federal. \nTenía 36 años",
        "fecha": "",
        "foto": "",
        "categoria": "Personas desaparecidas",
        "_umap_options": {
          "color": "crimson",
          "iconClass": "Circle"
        }
      }
    },
    {
      "type": "Feature",
      "geometry": {
        "type": "Point",
        "coordinates": [
          -60.486603,
          -31.788886
        ]
      },
      "properties": {
        "name": "Olga Rodriguez Almara de Barraza ",
        "description": "Olga nació el 24 de junio de 1945 en \nParaná, Entre Ríos.\nEstaba casada con Abundio Guana Barraza. Militaban en la Agrupación J. P. Delfino, así como en la JP y la Agrupación Evita.\nJunto a su compañero fueron detenidos el 5 de enero de 1975 en Talán y Francesita, Enrique Delfino, Gral. Pacheco. Tigre. Buenos Aires. \nOlga y Abundio junto a José Hipólito Vera fueron asesinados el 9 de enero de 1975 en calle Reullane y Ruta Provincial 205, Roque Pérez. Buenos Aires.\nOlga tenía 29 años.",
        "fecha": "",
        "foto": "",
        "categoria": "Personas desaparecidas",
        "_umap_options": {
          "color": "crimson",
          "iconClass": "Circle"
        }
      }
    },
    {
      "type": "Feature",
      "geometry": {
        "type": "Point",
        "coordinates": [
          -60.307732,
          -32.028307
        ]
      },
      "properties": {
        "name": "Pablo Francisco Luto Peralta",
        "description": "Nació el 25 de enero de 1931 en Crespo, departamento Paraná. Entre Ríos. \nPablo fue detenido – desaparecido el 7 de enero de 1978 en Concordia. Entre Ríos. \nEmpleado en Techint, Concordia. \nTenía 47 años.",
        "fecha": "",
        "foto": "",
        "categoria": "Personas desaparecidas",
        "_umap_options": {
          "color": "crimson",
          "iconClass": "Circle"
        }
      }
    },
    {
      "type": "Feature",
      "geometry": {
        "type": "Point",
        "coordinates": [
          -60.487976,
          -31.827982
        ]
      },
      "properties": {
        "name": "Pedro Miguel Sobko Kolenko ",
        "description": "Nació el 24 de marzo de 1950 en Posadas, Misiones.  Estudiante de medicina\nCasado con Elida Goyeneche, con quien tuvo dos hijos: Oscar y Clarisa.  Era militante del Partido Revolucionario de los Trabajadores – Ejército  Revolucionario del Pueblo (PRT-ERP).  Pedro fue detenido el 2 mayo de 1977 en calle Bolivia 154, Paraná. Entre Ríos.  Asesinado el 2 de mayo de 1977 en Paraná, falleciendo posteriormente en el Hospital Militar de Paraná. Tenía 27 años. Su esposa Elida Goyeneche fue secuestrada el 2 de enero de 1978 en Goya. Continúa desaparecido.",
        "fecha": "",
        "foto": "",
        "categoria": "Personas desaparecidas",
        "_umap_options": {
          "color": "crimson",
          "iconClass": "Circle"
        }
      }
    },
    {
      "type": "Feature",
      "geometry": {
        "type": "Point",
        "coordinates": [
          -60.518188,
          -31.741891
        ]
      },
      "properties": {
        "name": "Ramón Gumersindo Manuel Acosta Selfo",
        "description": "Ramón nació el 14 de junio de 1941 en Paraná, Entre Ríos. Estaba separado y tenía cinco hijos. Portuario, Estibador; Trabajaba como obrero Metalúrgico en Metalúrgica Feroducti, Florencio Varela. Era delegado Gremial y militante del Partido Revolucionario de los Trabajadores – Ejército Revolucionario del Pueblo (PRT-ERP) (Conducción Nacional. Secretariado). Ramón fue detenido – desaparecido entre el 20 y el 23 de enero de 1976 en El Cadillal - Tapi Viejo, Tucumán, junto a Ricardo Domínguez, Daniel Francisco Mémoli, Eduardo Pedro Pala, Raúl Héctor Penayo y Susana Inés Strelzik en un operativo de rastrillaje. Tenía 34 años.",
        "fecha": "",
        "foto": "",
        "categoria": "Personas desaparecidas",
        "_umap_options": {
          "color": "crimson",
          "iconClass": "Circle"
        }
      }
    },
    {
      "type": "Feature",
      "geometry": {
        "type": "Point",
        "coordinates": [
          -60.527887,
          -31.730868
        ]
      },
      "properties": {
        "name": "Ramon Héctor Sánchez Corpus ",
        "description": "Nació el 26 de agosto de 1952 en Paraná, Entre Ríos.  \nRamón “Pichón”, fue militante barrial de la Juventud Peronista en el barrio “La Pasarela” de Paraná. Montonero. Era uno de los 8 hermanos de la familia, con una hermana melliza.\nFue detenido por una patota policial comandada por el entonces subjefe de la Policía de Entre Ríos, el 20 de marzo de 1975 en calle Corrientes Y Uruguay, Paraná. Entre Ríos.\nAsesinado por la Dirección de Investigaciones de la Policía de Entre Ríos. Su cuerpo fue encontrado el 25 de marzo de 1975 en la costa del Río Paraná en Gral. Alvear, Diamante. Tenía 21 años.",
        "fecha": "",
        "foto": "",
        "categoria": "Personas desaparecidas",
        "_umap_options": {
          "color": "crimson",
          "iconClass": "Circle"
        }
      }
    },
    {
      "type": "Feature",
      "geometry": {
        "type": "Point",
        "coordinates": [
          -60.516815,
          -31.757364
        ]
      },
      "properties": {
        "name": "Raquel Elsa Díaz",
        "description": "“La flaca” Nació el 8 de agosto de 1948 en Paraná, Entre Ríos. Hija del poeta José María Díaz. Estudió el Profesorado de Ciencias de la Educación. Elsa era trabajadora del Consejo General de Educación. Participó de las luchas en defensa de la Escuela Hogar y de los habitantes del barrio Consejo durante la dictadura de Onganía. Luego desarrolló una activa militancia por la mejora de la calidad de vida de los vecinos de barrios Yatay y Consejo, a la vez que en Paraná y en la provincia peleaba por la organización de los trabajadores del Estado y la defensa de sus derechos Miembro fundadora del Sindicato de Empleados Públicos de Entre Ríos. Empleada. Militante de la Juventud Peronista y de Montoneros en Paraná. Elsa fue asesinada el 19 de agosto de 1976 en Santa Fe junto a Néstor Hugo Cherry. Sus restos fueron recuperados por su familia y se encuentran en el Cementerio Municipal de Paraná. Tenía 28 años.",
        "fecha": "",
        "foto": "",
        "categoria": "Personas desaparecidas",
        "_umap_options": {
          "color": "crimson",
          "iconClass": "Circle"
        }
      }
    },
    {
      "type": "Feature",
      "geometry": {
        "type": "Point",
        "coordinates": [
          -60.417252,
          -31.854815
        ]
      },
      "properties": {
        "name": "Reinald Amalio Zapata Cogno",
        "description": "“El Corto/Diego/Santiago/Ronco” nació el 16 de mayo de 1941 en Paraná, Entre Ríos.  \nCasado con Ema Beatriz “Pelusa” Cabral. Un hijo.  \nOficial Primero de Montoneros es parte de la Conducción Regional Nordeste en la Secretaría Política y al mando de un pelotón participa del asalto al cuartel militar de Formosa en 1975.  \nReinald fue detenido entre noviembre y los primeros días de diciembre de 1976 en Corrientes.  \nAsesinado el 13 de diciembre de 1976 en la “Masacre de Margarita Belén”. Resistencia, Chaco.  Su esposa Ema Beatriz “Pelusa” Cabral también fue detenida – desaparecida y asesinada en la Masacre de Margarita Belén Tenía 35 años. \nSobrevivientes lo vieron en los Centros Clandestino de Detención (CCD) Jefatura de Policía de la Provincia de Chaco, Dirección de Investigaciones de la Policía de Chaco, Alcaidía de Resistencia.",
        "fecha": "",
        "foto": "",
        "categoria": "Personas desaparecidas",
        "_umap_options": {
          "color": "crimson",
          "iconClass": "Circle"
        }
      }
    },
    {
      "type": "Feature",
      "geometry": {
        "type": "Point",
        "coordinates": [
          -60.485573,
          -31.764954
        ]
      },
      "properties": {
        "name": "Santiago Hernan Krasuk Meirovich ",
        "description": "\"Capitán Luis / Entrerriano\", nació el 24 de noviembre de 1949 en Paraná, Entre Ríos.\nMilitante del Partido Revolucionario de los Trabajadores – Ejército Revolucionario del Pueblo (PRT-ERP). A cargo de la Compañía Urbana Independiente Combate de San Lorenzo.\nSantiago fue asesinado el 11 de octubre de 1975 en Cañada De Carrizales a Orillas de Arroyo Monje, Carrizales calle Clarke – Iriondo. Santa Fe, por la Guardia Rural Los Pumas. \"Masacre de Carrizales\". Santiago fue acribillado junto a sus compañeros del ERP por la guardia rural “Los Pumas”. \nSus restos fueron recuperados por su familia. Tenía 25 años.",
        "fecha": "",
        "foto": "",
        "categoria": "Personas desaparecidas",
        "_umap_options": {
          "color": "crimson",
          "iconClass": "Circle"
        }
      }
    },
    {
      "type": "Feature",
      "geometry": {
        "type": "Point",
        "coordinates": [
          -60.301552,
          -32.030345
        ]
      },
      "properties": {
        "name": "Silvia Ester Bianchi Fontana de Milito",
        "description": "Nació el 30 de julio de 1953 en Crespo, Entre Ríos.\nFinalizó sus estudios primarios e inició la secundaria en el Instituto\nCristo Redentor siendo abanderada del colegio.\nTemprano en su vida se inició en la militancia a través de los primeros cursos de cristiandad de mujeres que dictaba la Acción Católica, en los que se generaban jornadas de discusión y debate de ideas respecto de cómo debía vivirse el cristianismo, pero que luego fueron mutando en discusiones de fuerte contenido político e ideológico y que la fueron llevando a iniciar la militancia política activa.\nFinalizados sus estudios se mudó a la ciudad de Rosario a estudiar psicología\nEntre el estudio, el trabajo social y otras andanzas, conoció a Raúl Milito, quien\nsería su marido. Militante de Montoneros.\nSilvia fue asesinada el 21 de agosto de 1976 en calle Sucre 1.826, Barrio Alta\nCórdoba. Córdoba, junto a su marido Raúl “Toto” Milito, estando embarazada de 9 meses.\nSus restos fueron recuperados por su familia y se encuentran en el Cementerio\nde Rosario. Tenía 23 años.",
        "fecha": "",
        "foto": "",
        "categoria": "Personas desaparecidas",
        "_umap_options": {
          "color": "crimson",
          "iconClass": "Circle"
        }
      }
    },
    {
      "type": "Feature",
      "geometry": {
        "type": "Point",
        "coordinates": [
          -60.471497,
          -31.837899
        ]
      },
      "properties": {
        "name": "Yolanda Felisa Sotelo de Melgarejo ",
        "description": "Nació el 13 de abril de 1934 en Paraná, Entre Ríos. \nYolanda fue asesinada el 1º de junio de 1977 en la \"ruta entre Bahía Blanca y  Tornquist\" , partido de Bahía Blanca, Buenos Aires. Tenía 43 años.",
        "fecha": "",
        "foto": "",
        "categoria": "Personas desaparecidas",
        "_umap_options": {
          "color": "crimson",
          "iconClass": "Circle"
        }
      }
    },
    {
      "type": "Feature",
      "geometry": {
        "type": "Point",
        "coordinates": [
          -59.787598,
          -32.399096
        ]
      },
      "properties": {
        "name": "Acevedo Silva, José Ismael",
        "description": "José nació el 15 de marzo de 1946 en Nogoyá, Entre Ríos. En los ´70 militó en la JP y realizó trabajos sociales en los barrios de la mano del cura Luis Sessa de la capilla San Ramón de Villa 3 de Febrero de Nogoyá. Se radicó en La Plata donde cursó en la Facultad de Letras entre los años 1973/1974. Luego fue seleccionado para ingresar laboralmente al Banco de Entre Ríos en la sucursal de la ciudad de Feliciano, donde conoció a Graciela Trininich con quien se casó en marzo de 1976 y seguidamente se trasladó a la sucursal de la ciudad de Buenos Aires.  También era militante de la Juventud Trabajadora Peronista.\nJosé fue detenido – desaparecido el 17 de julio de 1976 en Avenida Corrientes y Avenida Canning, Villa Crespo. Capital Federal. Tenía 30 años.",
        "fecha": "",
        "foto": "",
        "categoria": "Personas desaparecidas",
        "_umap_options": {
          "color": "crimson",
          "iconClass": "Circle"
        }
      }
    },
    {
      "type": "Feature",
      "geometry": {
        "type": "Point",
        "coordinates": [
          -59.787941,
          -32.395327
        ]
      },
      "properties": {
        "name": "Adur Bernachea, Jorge Oscar",
        "description": "Jorge \"El turco\" nació el 19 de marzo de 1932 en Nogoyá, Entre Ríos. Jorge se recibió de bachiller y viajó a Buenos Aires para ingresar como seminarista a la congregación francesa de Los Agustinos de la Asunción:. Además de músico, pintor, dibujante, poeta y profesor de latín, fue párroco de la Iglesia San Miguel de Tournes, en el barrio de Belgrano. Fue uno de los fundadores del Movimiento de Sacerdotes del Tercer Mundo (MSTM) en Capital Federal junto al Padre Carlos Mugica.\nJorge fue secuestrado el 26 de junio de 1980 en Paso de los Libres/Uruguayana cuando viajaba a Puerto Alegre. Sobrevivientes lo vieron en un CCD  a pocos km de la ciudad correntina de Paso de los Libres. Tenía 48 años.",
        "fecha": "",
        "foto": "",
        "categoria": "Personas desaparecidas",
        "_umap_options": {
          "color": "crimson",
          "iconClass": "Circle"
        }
      }
    },
    {
      "type": "Feature",
      "geometry": {
        "type": "Point",
        "coordinates": [
          -59.563751,
          -32.186073
        ]
      },
      "properties": {
        "name": "Almada Dominguez, Carlos Cayetano",
        "description": "Carlos nació el 01 de diciembre de 1950 en Distrito Chiquero, Nogoyá.\nEstaba casado y era obrero del cuero en Curtiembre CIALE - SIDEC. \nCarlos fue detenido - desaparecido el 18 de abril de 1977 en su domicilio en Tokio y Granada S/Nº, Barrio Los Patitos - Hurlingham, Morón. Buenos Aires. Tenía 26 años. \nSobrevivientes lo vieron en el Centro Clandestino de Detención,  Tortura y Exterminio (CCDEyT) Campo de Mayo.",
        "fecha": "",
        "foto": "",
        "categoria": "Personas desaparecidas",
        "_umap_options": {
          "color": "crimson",
          "iconClass": "Circle"
        }
      }
    },
    {
      "type": "Feature",
      "geometry": {
        "type": "Point",
        "coordinates": [
          -59.790001,
          -32.404893
        ]
      },
      "properties": {
        "name": "Amestoy Fetollini, María Eugenia",
        "description": "María Eugenia nació el 1 de octubre de 1971 en Nogoyá, Entre Ríos. Fue asesinada el 19 de noviembre de 1976 en San Nicolás en la “Masacre de la calle Juan B. Justo” 676, junto a sus padres, Omar y María del Carmen Fettollini y su hermano Fernando,  también fue asesinada Ana María del Carmen Granada quien vivía con ellos. El único sobreviviente del operativo fue Manuel Gonçalves Granada, hijo de Ana María del Carmen, quien fue dado en adopción. Manuel fue localizado y en 1997, luego del análisis de ADN, supo quiénes eran sus verdaderos padres.\nLos restos de María Eugenia, Fernando, su mamá María del Carmen y su papá Omar fueron recuperados por su familia. \nMaría Eugenia tenía 5 años.",
        "fecha": "",
        "foto": "",
        "categoria": "Personas desaparecidas",
        "_umap_options": {
          "color": "crimson",
          "iconClass": "Circle"
        }
      }
    },
    {
      "type": "Feature",
      "geometry": {
        "type": "Point",
        "coordinates": [
          -59.795837,
          -32.403444
        ]
      },
      "properties": {
        "name": "Amestoy Fettolini, Fernando",
        "description": "Fernando nació el 10 de julio de 1973 en Nogoyá, Entre Ríos. Fernando fue asesinado el 19 de noviembre de 1976 en San Nicolás en la “Masacre de la calle Juan B. Justo 676, junto a sus padres, Omar y María del Carmen Fettollini, su hermana María Eugenia y Ana María del Carmen Granada quien vivía con ellos.\nFernando tenía 3 años.",
        "fecha": "",
        "foto": "",
        "categoria": "Personas desaparecidas",
        "_umap_options": {
          "color": "crimson",
          "iconClass": "Circle"
        }
      }
    },
    {
      "type": "Feature",
      "geometry": {
        "type": "Point",
        "coordinates": [
          -59.791374,
          -32.395327
        ]
      },
      "properties": {
        "name": "Amestoy Font, Omar Darío ",
        "description": "Omar nació el 4 de enero de 1945 en Nogoyá, Entre Ríos. Casado con María del Carmen Fetollini con quien tuvo dos hijos llamados María Eugenia y Fernando. Escribano, egresado de la Universidad Nacional del Litoral (UNL). \nMilitó en el Ateneo Universitario de Santa Fe y militante de Montoneros. \nOmar fue asesinado el 19 de noviembre de 1976 en San Nicolás en la “Masacre de la calle Juan B. Justo” 676, junto a su compañera María del Carmen Fettollini, sus hijos María Eugenia y Fernando y Ana María del Carmen Granada quien vivía con ellos.\nLos restos de Omar, Pochi, María Eugenia y Fernando fueron recuperados\npor su familia e inhumados en el Cementerio de Nogoyá. Tenía 31 años.",
        "fecha": "",
        "foto": "",
        "categoria": "Personas desaparecidas",
        "_umap_options": {
          "color": "crimson",
          "iconClass": "Circle"
        }
      }
    },
    {
      "type": "Feature",
      "geometry": {
        "type": "Point",
        "coordinates": [
          -59.557228,
          -32.187236
        ]
      },
      "properties": {
        "name": "Bazzana Rotta de Hoyos, Dominga",
        "description": "Dominga nació el 06 de octubre de 1908 en Distrito Chiqueros, Nogoyá. Entre Ríos.\nEstaba casada. \nDominga fue detenida – desaparecida el 22 de mayo de 1977 en la Ruta Nacional Nº 7 Km 96/200, San Andrés de Giles, Buenos Aires. Tenía 68 años.",
        "fecha": "",
        "foto": "",
        "categoria": "Personas desaparecidas",
        "_umap_options": {
          "color": "crimson",
          "iconClass": "Circle"
        }
      }
    },
    {
      "type": "Feature",
      "geometry": {
        "type": "Point",
        "coordinates": [
          -59.530106,
          -32.389819
        ]
      },
      "properties": {
        "name": "Billinger Godoy, Luis Santiago",
        "description": "Luis nació el 01 de diciembre de 1946 en Lucas González, Nogoyá.\nDebió trabajar duramente para costearse los estudios lo que le permitió ingresar en la Facultad de Derecho en la Universidad Nacional del Litoral (UNL). Fue en esas circunstancias que ingresó al Partido Revolucionario de los Trabajadores – Ejército Revolucionario del Pueblo (PRT-ERP).\nLuego de un tiempo, abandonó los estudios y se volcó a trabajar en Santa Fe y Laguna Paiva donde militó activamente. También fue periodista del Diario El Mundo.\nLuis fue asesinado el 12 de agosto de 1974 en la masacre conocida como “Masacre de Capilla del Rosario”, en Capilla de Nuestra Señora del Rosario; Cañadón de los Walthert; paraje en inmediaciones de San José de Piedra Blanca. Fray Mamerto Esquiú. Catamarca. Tenía 27 años.",
        "fecha": "",
        "foto": "",
        "categoria": "Personas desaparecidas",
        "_umap_options": {
          "color": "crimson",
          "iconClass": "Circle"
        }
      }
    },
    {
      "type": "Feature",
      "geometry": {
        "type": "Point",
        "coordinates": [
          -59.785881,
          -32.402574
        ]
      },
      "properties": {
        "name": "Corfield Piedrabuena, Eduardo Emilio",
        "description": "Eduardo “Buqui” nació el 15 de julio de 1952 en Nogoyá, Entre Ríos, pero se crió en Gualeguaychú.\nEn 1971 ingresó a la Facultad de Humanidades de La Plata, pero tuvo que abandonar por razones económicas. En 1975 fue llamado a prestar el Servicio Militar.\nEn 1976 regresa a la provincia de Buenos Aires para trabajar de chofer particular de un pariente, con quien vivía. Militante de la Agrupación Estudiantil Federación Universitaria de la Revolución Nacional (FURN).\nEduardo fue detenido - desaparecido el 2 de marzo de 1978 en calle Remedios de Escalada de San Martín 968 – Pizzería- Lanús Oeste. Capital Federal, Buenos Aires. Tenía 26 años.",
        "fecha": "",
        "foto": "",
        "categoria": "Personas desaparecidas",
        "_umap_options": {
          "color": "crimson",
          "iconClass": "Circle"
        }
      }
    },
    {
      "type": "Feature",
      "geometry": {
        "type": "Point",
        "coordinates": [
          -59.780388,
          -32.395037
        ]
      },
      "properties": {
        "name": "Fettolini Ormaechea de Amestoy, María del Carmen ",
        "description": "María del Carmen  \"Pochi\" nació el 29 de octubre de 1947 en Nogoyá, Entre Ríos.\nEstaba casada con Omar Amestoy y tenían dos hijos. Militante de la Juventud Peronista. Docente de nivel inicial en un colegio católico en su lugar de nacimiento. \nFue asesinada el 19 de noviembre de 1976 en San Nicolás en la “Masacre de la calle Juan B. Justo” 676, junto a su compañero, sus hijos y otra persona que vivía con ellos. Tenía 29 años.",
        "fecha": "",
        "foto": "",
        "categoria": "Personas desaparecidas",
        "_umap_options": {
          "color": "crimson",
          "iconClass": "Circle"
        }
      }
    },
    {
      "type": "Feature",
      "geometry": {
        "type": "Point",
        "coordinates": [
          -59.781761,
          -32.404023
        ]
      },
      "properties": {
        "name": "Frutos Vergara, Ruben Matildo",
        "description": "Ruben \"Bigote\" nació el 20 de octubre de 1948 en Nogoyá, Entre Ríos.\nRubén era empleado en Dalmine Siderca, en Campana. Militante y miembro del Partido Revolucionario de los Trabajadores – Ejército Revolucionario del Pueblo (PRT-ERP). \nRubén fue detenido – desaparecido el 6 de septiembre de 1976 a la salida de una confitería en Campana. Buenos Aires. \nSobrevivientes lo vieron en el Centro Clandestino de Detención (CCD) Comisaría de Campana. Tenía 27 años.",
        "fecha": "",
        "foto": "",
        "categoria": "Personas desaparecidas",
        "_umap_options": {
          "color": "crimson",
          "iconClass": "Circle"
        }
      }
    },
    {
      "type": "Feature",
      "geometry": {
        "type": "Point",
        "coordinates": [
          -59.791374,
          -32.408081
        ]
      },
      "properties": {
        "name": "Horst Cabrera, Hernán Alberto",
        "description": "Hernán Nació el 08 de mayo de 1953 en Nogoyá, Entre Ríos. \nHernán fue detenido – desaparecido el 30 de junio de 1975 en Pueblo Nuevo, Rosario. Santa Fe.  \nAsesinado el 03 de julio de 1975 y tirado a las aguas del Río Paraná, Rosario. Santa Fe. Tenía 22 años.",
        "fecha": "",
        "foto": "",
        "categoria": "Personas desaparecidas",
        "_umap_options": {
          "color": "crimson",
          "iconClass": "Circle"
        }
      }
    },
    {
      "type": "Feature",
      "geometry": {
        "type": "Point",
        "coordinates": [
          -59.528346,
          -32.040204
        ]
      },
      "properties": {
        "name": "Isaurralde Savio de Gomez, Elba Josefa",
        "description": "Elba \"la Flaca\" nació el 10 de diciembre de 1945 en Crucecitas, Nogoyá. \nEstaba casada (su compañero era sindicalista). \nElba fue detenida – desaparecida el 12 de diciembre de 1975 en su domicilio en Dorrego 612, Campana. Buenos Aires.\nEl 18 de diciembre de ese mismo año, fue asesinada, junto a su hermana y su cuñado, en la Ruta Nacional Nº 193 Km 67, San Andrés de Giles. Buenos Aires. Tenía 30 años.\nSus restos fueron identificados por el Equipo Argentino de Antropología Forense (EAAF) en 2012. Se encontraban como NN en Cementerio Norte en la ciudad de San Andrés de Giles.",
        "fecha": "",
        "foto": "",
        "categoria": "Personas desaparecidas",
        "_umap_options": {
          "color": "crimson",
          "iconClass": "Circle"
        }
      }
    },
    {
      "type": "Feature",
      "geometry": {
        "type": "Point",
        "coordinates": [
          -59.527853,
          -32.040386
        ]
      },
      "properties": {
        "name": "Isaurralde Savio de Gomez, Juana María",
        "description": "Juana nació el 21 de agosto de 1950 en Crucecitas, Nogoyá. \nHermana menor de Elba Josefa Isaurralde.\nFue secuestrada el 12 de diciembre de 1975 en su domicilio, Castelli 2135, Campana. El 23/12/1975 fue asesinada en el Batallón Depósito de Arsenales 601 \"Domingo Viejobueno\". Ciudad de Monte Chingolo, Buenos Aires. Tenía 25 años. \nSus restos fueron identificados en el año 2001. Estos se encontraban en el Cementerio Municipal de Avellaneda.",
        "fecha": "",
        "foto": "",
        "categoria": "Personas desaparecidas",
        "_umap_options": {
          "color": "crimson",
          "iconClass": "Circle"
        }
      }
    },
    {
      "type": "Feature",
      "geometry": {
        "type": "Point",
        "coordinates": [
          -59.795494,
          -32.406922
        ]
      },
      "properties": {
        "name": "Meóniz Atencio, Ramón Miguel Antonio",
        "description": "Ramón \"el Negro\" nació el 12 de agosto de 1942 en Nogoyá. \nEra obrero de la construcción, trabajaba como azulejista y mosaiquista. Militaba en el Frente Revolucionario \"17 de octubre\". \nFue detenido-desaparecido el 25 de octubre de 1977 a las 16hs. en un operativo ilegal de detención en su domicilio en Muiños y Chagas, Barrio Arco Iris, Merlo, Buenos Aires. \nFue visto por testigos en el Centro Clandestino de Detención Club Atlético.\nTenía 35 años.",
        "fecha": "",
        "foto": "",
        "categoria": "Personas desaparecidas",
        "_umap_options": {
          "color": "crimson",
          "iconClass": "Circle"
        }
      }
    },
    {
      "type": "Feature",
      "geometry": {
        "type": "Point",
        "coordinates": [
          -59.788628,
          -32.390689
        ]
      },
      "properties": {
        "name": "Patrignani Lucero, Carlos Ernesto",
        "description": "Carlos nació el 25 de octubre de 1948 en Nogoyá, Entre Ríos.\nCasado con Susana Pagliero. Abogado. Asesor legal de la obra social del Sindicato de Obreros y Empleados del Azúcar Ledesma. \nMilitante de Vanguardia Comunista, Partido Comunista Marxista Leninista (PCML).\nCarlos fue secuestrado el 26 de noviembre de 1974 en Entre Ríos al 400, Ledesma, Libertador General San Martín. Jujuy. \nAsesinado el 23 de diciembre de 1976 en la Unidad Penal de Villa Gorriti, San \nSalvador de Jujuy, Jujuy. \nSobrevivientes lo vieron en los Centros Clandestinos de Detención (CCD) Unidad Penal de Villa Gorriti y Jefatura de Policía de la Provincia de Jujuy/Comando Radioeléctrico. Tenía 26 años.",
        "fecha": "",
        "foto": "",
        "categoria": "Personas desaparecidas",
        "_umap_options": {
          "color": "crimson",
          "iconClass": "Circle"
        }
      }
    },
    {
      "type": "Feature",
      "geometry": {
        "type": "Point",
        "coordinates": [
          -59.797211,
          -32.393298
        ]
      },
      "properties": {
        "name": "Pazo Contín, Horacio",
        "description": "Horacio nació el 11 de septiembre de 1950 en Nogoyá, Entre Ríos.\nObrero. Estudiante de Ciencias Económicas. Tenía un hijo, Marcos. \nMilitante de la Juventud Universitaria Peronista (JUP) Montoneros. \nHoracio fue detenido – desaparecido el 1 de junio de 1977 en la zona industrial de Zarate Sur. Buenos Aires. Tenía 26 años.",
        "fecha": "",
        "foto": "",
        "categoria": "Personas desaparecidas",
        "_umap_options": {
          "color": "crimson",
          "iconClass": "Circle"
        }
      }
    },
    {
      "type": "Feature",
      "geometry": {
        "type": "Point",
        "coordinates": [
          -59.793091,
          -32.38779
        ]
      },
      "properties": {
        "name": "Ramat Díaz, Raúl Alberto ",
        "description": "Raul “Rulo/Pucho” nació el 7 de septiembre de 1949 en Nogoyá, Entre Ríos. \nEn 1963 su familia decidió trasladarse a Paraná. Estudio en el colegio La Salle, donde se recibió en 1966, y recibió el diploma de ingeniero mecánico electricista en 1974.\nSe casó el 10 de mayo de 1975, con Angela de la Rosa, y a la semana se fue a vivir a Campana, tras un ofrecimiento de la firma Techint.\nTrabajador de la empresa Siderca. Profesor de la Universidad Tecnológica Nacional.\nRaúl fue asesinado el 11 de junio de 1976 en Moreno 217, Campana. Buenos Aires.\nSus restos fueron recuperados por su familia e inhumados en el Cementerio Municipal de Paraná. Entre Ríos. Tenía 26 años.",
        "fecha": "",
        "foto": "",
        "categoria": "Personas desaparecidas",
        "_umap_options": {
          "color": "crimson",
          "iconClass": "Circle"
        }
      }
    },
    {
      "type": "Feature",
      "geometry": {
        "type": "Point",
        "coordinates": [
          -59.797554,
          -32.397646
        ]
      },
      "properties": {
        "name": "Sandoval Carballo, Gerardo Orfelio",
        "description": "Gerardo Gerardo nació el 16 de junio de 1935 en Nogoyá, Entre Ríos. Estaba casado y tenía 2 hijos. Obrero gráfico de toda la vida, fue un destacado dirigente gremial en la Editorial Codex, siendo delegado durante varios períodos y miembro activo de la Federación Gráfica Bonaerense y de la CGT de los Argentinos.\nComo la mayoría de su familia, participó en la Resistencia Peronista y en los años 60 militó en la Juventud Revolucionaria Peronista (JRP), junto a Gustavo Rearte y en el Frente Peronista de Liberación (FPL), junto a Eduardo Salvide y Miguel Bianchini, entre otros compañeros. Luego pasó a formar parte del Peronismo de Base (PB), junto a Envar El Kadri entre otros, siendo uno de sus principales referentes en el noroeste bonaerense, donde se destacaba su militancia en el Barrio Evita de Caseros.\nGerardo fue detenido - desaparecido el 4 de enero de 1978 en la ruta Panamericana y Avenida Paraná – “Editorial Codex”, Vicente López, Buenos Aires. Sus hermanos Juan Carlos y Pedro y su cuñada Liliana Fontana habían sido desaparecidos en julio de 1977. Tenía 42 años.",
        "fecha": "",
        "foto": "",
        "categoria": "Personas desaparecidas",
        "_umap_options": {
          "color": "crimson",
          "iconClass": "Circle"
        }
      }
    },
    {
      "type": "Feature",
      "geometry": {
        "type": "Point",
        "coordinates": [
          -59.796867,
          -32.38779
        ]
      },
      "properties": {
        "name": "Sandoval Carballo, Juan Carlos",
        "description": "Juan Carlos nació el 09 de abril de 1941 en Nogoyá, Entre Ríos\nDe profesión carpintero. Militante del Frente Revolucionario 17 de octubre (F.R.17).  \nFue concejal por el voto popular en 1973 en el partido de Tres de Febrero. \nJuan Carlos fue detenido - desaparecido el 1 de julio de 1977 en calle Amadeo Sabattini 1.120, Caseros, Tres de Febrero. Buenos Aires.  \nSobrevivientes lo vieron en el Centro Clandestino de Detención, Tortura y Exterminio (CCDTyE) Club Atlético. Tenía 36 años.",
        "fecha": "",
        "foto": "",
        "categoria": "Personas desaparecidas",
        "_umap_options": {
          "color": "crimson",
          "iconClass": "Circle"
        }
      }
    },
    {
      "type": "Feature",
      "geometry": {
        "type": "Point",
        "coordinates": [
          -59.801331,
          -32.389529
        ]
      },
      "properties": {
        "name": "Sandoval Carballo, Pedro Fabian",
        "description": "Pedro “Erico” nació el 8 de agosto de 1944 en Nogoyá, Entre Ríos. Pedro era el menor de una familia compuesta por sus padres y diez hermanos. \nDesde muy chico le apasionó el fútbol y la lectura de libros de historia, que recibía de su padre Felipe, un peronista de la primera época.   Siendo un adolescente, como tantos otros chicos entrerrianos, emigró a la gran ciudad, siguiendo a sus padres que buscaban en Buenos Aires mejores trabajos y un mejor pasar económico.\nPedro comenzó a trabajar en la fábrica Sudamtex del Barrio La Paternal. ya le interesaba la política y a mediados de los 60, se incorporó a la JRP, que comandaba el jefe de la Resistencia Peronista Gustavo Rearte, quien llegaría a ser para Erico casi como un hermano mayor.\nEn 1969, fue detenido por la policía de Tucumán, junto a Rearte y otros compañeros. Nueve meses estuvo en el penal de Villa Urquiza y cuando salió en libertad, se casó con su compañera de militancia y de cautiverio, Alicia Rabinovich, con quien tuvo dos hijos: Fernando Ernesto y Abel Gustavo. Luego, se separaron y este formó una nueva pareja con Liliana, una compañera de militancia. \nA las nueve de la noche del 1 de julio de 1977, un grupo de hombres armados que se identificaron como fuerzas conjuntas, irrumpieron en la casa paterna de Liliana y secuestraron y desaparecieron a Pedro y a Liliana, quien estaba embarazada de tres meses. \nPedro y Liliana fueron vistos por sobrevivientes en el Centro Clandestino de Detención, Tortura y Exterminio (CCDTyE) “Club Atlético”      \nSu hijo Alejandro Pedro nació en cautiverio en el Centro Clandestino de Detención, Tortura y Exterminio de la ESMA en enero de 1978. La justicia le restituyó su verdadera identidad en julio de 2006. Había sido inscripto como hijo propio por el represor Víctor Enrique Rei, ex agente de inteligencia de Gendarmería Nacional.   \nPedro tenía 32 años.",
        "fecha": "",
        "foto": "",
        "categoria": "Personas desaparecidas",
        "_umap_options": {
          "color": "crimson",
          "iconClass": "Circle"
        }
      }
    },
    {
      "type": "Feature",
      "geometry": {
        "type": "Point",
        "coordinates": [
          -60.029297,
          -32.338345
        ]
      },
      "properties": {
        "name": "Serra Ursini, María Teresita",
        "description": "María Teresita nació el 22 de julio de 1950 en la ciudad de Paraná pero enseguida se radicó en Hernández.  \nCursó sus estudios primarios y secundarios en su pueblo, culminando sus estudios secundarios en Paraná. Maestra Normal Nacional.  \nEn 1968 se radicó en Santa Fe para comenzar a estudiar Ciencias Económicas en la Universidad Nacional del Litoral (UNL). \nTeresita fue una militante y activa defensora de detenidos y presos políticos, entre los años 1973 a 1976.\nMilitante del Partido Revolucionario de los Trabajadores – Ejército Revolucionario del Pueblo (PRT-ERP).  \nTeresita fue detenida - desaparecida el 10 de agosto de 1976 en calle Paraguay 1.572 de Rosario. Santa Fe. Tenía 26 años.",
        "fecha": "",
        "foto": "",
        "categoria": "Personas desaparecidas",
        "_umap_options": {
          "color": "crimson",
          "iconClass": "Circle"
        }
      }
    },
    {
      "type": "Feature",
      "geometry": {
        "type": "Point",
        "coordinates": [
          -59.561691,
          -32.191449
        ]
      },
      "properties": {
        "name": "Sorba Velazquez, Roberto Ismael",
        "description": "Roberto \"Griego” nació el 12 de octubre de 1949 en Distrito Chiqueros, Nogoyá. Entre Ríos. \nEra estudiante de Ingeniería Química en la Universidad Nacional de Santa Fe (UNL) donde comenzó a militar en la Tendencia Antiimperialista Revolucionaria (TAR), agrupación estudiantil que respondía al Partido Revolucionario de los Trabajadores – Ejército Revolucionario del Pueblo (PRT-ERP).\nRoberto estaba casado con Virginia, con quien tenía dos hijos.\nRoberto fue detenido – desaparecido el 21 de enero de 1976 en calle Hernandarias 4.265, Santa Fe. Tenía 26 años.",
        "fecha": "",
        "foto": "",
        "categoria": "Personas desaparecidas",
        "_umap_options": {
          "color": "crimson",
          "iconClass": "Circle"
        }
      }
    },
    {
      "type": "Feature",
      "geometry": {
        "type": "Point",
        "coordinates": [
          -59.534225,
          -32.391268
        ]
      },
      "properties": {
        "name": "Tabachi Bizzotto, Pedro Haroldo",
        "description": "Pedro nació el 22 de febrero de 1955 en Lucas González, departamento Nogoyá. Entre Ríos. Estudiante de Periodismo. Conscripto en el Regimiento de Ingenieros 3 de la Tablada.  \nMilitante de Montoneros.  \nPedro fue detenido – desaparecido el 17 de marzo de 1977 en Haedo. Buenos Aires, y llevado al Clandestino de Detención, Tortura y Exterminio (CCDTyE) de la ESMA.\nSu compañera Graciela Sartal fue detenida – desaparecida junto a su familia (su padre, madre y hermana) el 19 de julio de 1976. \nPedro tenía 22 años.",
        "fecha": "",
        "foto": "",
        "categoria": "Personas desaparecidas",
        "_umap_options": {
          "color": "crimson",
          "iconClass": "Circle"
        }
      }
    },
    {
      "type": "Feature",
      "geometry": {
        "type": "Point",
        "coordinates": [
          -59.529934,
          -32.393008
        ]
      },
      "properties": {
        "name": "Valente Navarro, Alfredo Daniel",
        "description": "Alfredo “Brujo/Zorro/Zorrito” nació el 16 de junio de 1952 en Lucas Gonzalez, Nogoyá. Entre Ríos \nEstudiante de Medicina en la Universidad Nacional de La Plata (UNLP). Militante de Montoneros.  \nAlfredo fue detenido –desaparecido en junio de 1978 en La Plata, Buenos Aires.  \nSobrevivientes lo vieron en el Centro Clandestino de Detención, Tortura y Exterminio (CCDTyE) \"La Cacha\". Tenía 25 años.",
        "fecha": "",
        "foto": "",
        "categoria": "Personas desaparecidas",
        "_umap_options": {
          "color": "crimson",
          "iconClass": "Circle"
        }
      }
    },
    {
      "type": "Feature",
      "geometry": {
        "type": "Point",
        "coordinates": [
          -58.142223,
          -32.223984
        ]
      },
      "properties": {
        "name": "Alfonso, Jorge María",
        "description": "Jorge María “Pepe” Alfonso, nació el 21 octubre de 1941 en Colón, Entre Ríos.\nEra chofer de colectivo y delegado de la Unión Tranviaria Argentina (UTA) en Villa Zula, provincia de Buenos Aires.\nJorge fue detenido – desaparecido el 27 de octubre de 1976 en San Juan 5.395, Berisso, Buenos Aires.\nSobrevivientes lo vieron desde el 03 de noviembre de 1976 hasta el 16 de noviembre de 1976 en el Centro Clandestino de Detención, Tortura y Exterminio (CCDTyE) La Cacha.",
        "fecha": "",
        "foto": "",
        "categoria": "Personas desaparecidas",
        "_umap_options": {
          "color": "crimson",
          "iconClass": "Circle"
        }
      }
    },
    {
      "type": "Feature",
      "geometry": {
        "type": "Point",
        "coordinates": [
          -58.144455,
          -32.225726
        ]
      },
      "properties": {
        "name": "Amuedo Gimenez, Helios ",
        "description": "Nació el 02 de octubre de 1936 en Colón, Entre Ríos. Helios fue detenido – desaparecido entre el 24 y 25 de julio de 1975 en el partido de Almirante Brown. Buenos Aires.\nMilitaba en el Ejército Revolucionario del Pueblo (ERP).\nSe supone que fue asesinado en la vía pública en agosto de 1975, junto a una compañera de militancia. \nEntregado muerto el 03 de septiembre de 1975 Spiro y Carlos Pelegrini, Adrogue, Almirante Brown. Buenos Aires. \nTenía 38 años.",
        "fecha": "",
        "foto": "",
        "categoria": "Personas desaparecidas",
        "_umap_options": {
          "color": "crimson",
          "iconClass": "Circle"
        }
      }
    },
    {
      "type": "Feature",
      "geometry": {
        "type": "Point",
        "coordinates": [
          -58.400745,
          -32.163116
        ]
      },
      "properties": {
        "name": "Caire Grass, Raúl María",
        "description": "Nació el 14 de junio de 1949 en Colonia Izquierdo, por entonces departamento Colón. \nTerminó la escuela primaria y realizó la secundaria en la ciudad e Paraná. A los 18 años se mudó a Concordia, donde estudió filosofía y en donde se casó con su esposa. \nFormó parte de la Asociación Bancaria de Concordia y fue militante y dirigente de la Juventud Peronista. Posteriormente, se incorporó a las filas de la organización Montoneros.\nRaúl fue detenido el 2 de noviembre de 1976 en Catamarca 645 · Resistencia, Chaco; en donde residía junto a su esposa y sus dos hijos. \nPermaneció detenido en la Jefatura de Policía y luego en la Brigada de Investigaciones.\nFue visto en el CCD “La Casita” o “La Escuelita” de Paraná y en la Unidad Penitenciaria Nº1 de la misma ciudad. \nLuego, fue trasladado al Chaco, donde fue visto por última vez en la Alcaldía de Resistencia. \nFue asesinado el 3/12/1976 en la Ruta Nac. N°11, km. 1042, en un hecho conocido como la \"Masacre Margarita Belén\".\nTenía 27 años.",
        "fecha": "",
        "foto": "",
        "categoria": "Personas desaparecidas",
        "_umap_options": {
          "color": "crimson",
          "iconClass": "Circle"
        }
      }
    },
    {
      "type": "Feature",
      "geometry": {
        "type": "Point",
        "coordinates": [
          -58.218527,
          -32.208439
        ]
      },
      "properties": {
        "name": "Cuevas, Elena Ester",
        "description": "Nació el 23 de abril de 1945 en San José.\nElena fue detenida – desaparecida en noviembre de 1976· Rafael Castillo, La Matanza. Buenos Aires. \nTenía 31 años.\nDenuncia realizada en el año 2013.",
        "fecha": "",
        "foto": "",
        "categoria": "Personas desaparecidas",
        "_umap_options": {
          "color": "crimson",
          "iconClass": "Circle"
        }
      }
    },
    {
      "type": "Feature",
      "geometry": {
        "type": "Point",
        "coordinates": [
          -58.146172,
          -32.222967
        ]
      },
      "properties": {
        "name": "Kohon Medvedousky, Alfredo Elías",
        "description": "Nació el 27/03/1945 en Colón.\nRealizó sus estudios primarios en San Salvador y la secundaria en Concordia. \nEstudiaba Ingeniería en la Universidad Nacional de Córdoba mientras trabajaba en una fábrica metalúrgica. Además militaba en las Fuerzas Armadas Revolucionarias (FAR).\nFue detenido el 29/12/1970 en la vía pública en la ciudad de Córdoba. \nPermaneció cautivo en la Unidad Penal 6 de Rawson y en la Base Aeronaval Almirante Zar de Trelew, provincia de Chubut, donde fue asesinado el 22 de agosto de 1972, en el hecho que se conoce como la “Masacre de Trelew”.\nTenía 27 años.\nLos responsables de la masacre fueron condenados en 2012.",
        "fecha": "",
        "foto": "",
        "categoria": "Personas desaparecidas",
        "_umap_options": {
          "color": "crimson",
          "iconClass": "Circle"
        }
      }
    },
    {
      "type": "Feature",
      "geometry": {
        "type": "Point",
        "coordinates": [
          -58.141193,
          -32.227179
        ]
      },
      "properties": {
        "name": "Lascano, Jorge Omar",
        "description": "Nació el 30/08/1948 en Colón. \nObrero Naval en Astillero Mestrina y militante sindical. \nFue secuestrado el 24/03/1976 en su lugar de trabajo: Chubut y Ricardo Castiglioni Astilleros Mestrina S.A. · TIGRE · BUENOS AIRES.\nTenía 27 años.\nSe probó que estuvo detenido en la Comisaría Nº1 de Tigre y fue visto por ex detenidos en “El Campito” (guarnición militar de Campo de Mayo).\nCaso incluido en causa judicial en la que se investigaron, probaron y condenaron delitos de lesa humanidad.",
        "fecha": "",
        "foto": "",
        "categoria": "Personas desaparecidas",
        "_umap_options": {
          "color": "crimson",
          "iconClass": "Circle"
        }
      }
    },
    {
      "type": "Feature",
      "geometry": {
        "type": "Point",
        "coordinates": [
          -58.146858,
          -32.22471
        ]
      },
      "properties": {
        "name": "Laverne, Miguel Alberto ",
        "description": "Nació el 15/06/1948 en Colón. \nEra pintor.\nMilitante del Partido Revolucionario de los Trabajadores (PRT) y el Ejército Revolucionario del Pueblo (ERP). \nFue secuestrado el 03-04/07/1976 en Bernal, Quilmes. El hecho ocurrió en la vía pública (2 vict. hecho).\nSu asesinato tuvo lugar la madrugada  del 04/07/1976 en Av. CASEROS al 1339 y Paracas, Constitución, Capital Federal; junto a otras 3 personas (4 vict. hecho). \nTenía 28 años.\nLas actas de defunción consignan la hora de hallazgo de los cuerpos. \nDenuncia realizada en el 2000.",
        "fecha": "",
        "foto": "",
        "categoria": "Personas desaparecidas",
        "_umap_options": {
          "color": "crimson",
          "iconClass": "Circle"
        }
      }
    },
    {
      "type": "Feature",
      "geometry": {
        "type": "Point",
        "coordinates": [
          -58.143339,
          -32.222532
        ]
      },
      "properties": {
        "name": "Loker Cook, César Hugo",
        "description": "Nació el 16/04/1935 en Colón. \nFue secuestrado el  24/05/1976 a las 23hs. de su domicilio en San Salvador de Jujuy.\nTenía 41 años.\nIngresó a la Orden de La Salle, donde también militaba, en Buenos Aires donde egresó como Profesor de Psicopedagogía. Luego, dejó la Orden y se casó.\nEl matrimonio se radicó en Jujuy donde César trabajó como Profesor de Pedagogía en la Escuela Normal Superior “Juan Ignacio Gorritti” siguiendo la línea de Paulo Freire.\nFormó parte de la Asociación de Empleados y Obreros Públicos donde integró el equipo de formación de dirigentes. Se desempeñó también como Asesor de la Secretaría de Educación. \nCésar trabajaba en la Secretaría de Asuntos Sociales (hoy Ministerio de Desarrollo Social), en la Subsecretaría de Educación en Casa de Gobierno y como Profesor de Pedagogía de la Escuela Normal Superior “Juan Ignacio Gorriti”\nDesapareció junto a su esposa Carmen Rosa Vilte. Ambos tienen una hija y un hijo.\nMilitaba en agrupaciones cristianas y tenia relación con el PRT-ERP.\nDenuncia realizada en 1984.",
        "fecha": "",
        "foto": "",
        "categoria": "Personas desaparecidas",
        "_umap_options": {
          "color": "crimson",
          "iconClass": "Circle"
        }
      }
    },
    {
      "type": "Feature",
      "geometry": {
        "type": "Point",
        "coordinates": [
          -58.191426,
          -32.154051
        ]
      },
      "properties": {
        "name": "Soria Kujarchuk de Sklate, Teresa Beatriz",
        "description": "Nació el 25 de mayo de 1952 en Pueblo Liebig.  Teresa se graduó como Ingeniera Química Industrial en la Universidad Nacional del Litoral (UNL) en Santa Fe.  En la facultad conoció a Jorge Angélico Sklate junto a quien comenzó a militar en el Ateneo y el peronismo.   Teresa y Jorge se casaron y tuvieron un hijo.\nTrabajaba en la Escuela “Cristo Rey” de esa localidad dando clases de Química en 5º año. \nMilitante del Peronismo Revolucionario (PR), Montoneros. \nTeresa y Jorge fueron detenidos – desaparecidos el 8 de junio de 1976 en calle  5 Nº 620 -Barrio Municipal- Villa Constitución, Constitución. Santa Fe.  \nSobrevivientes vieron a Teresa en los Centros Clandestinos de Detención, \nTortura y Exterminio (CCDTyE) Jefatura de Policía de Rosario / Servicio de Informaciones, Quinta de Funes, Escuela \"Osvaldo Magnasco\", La Intermedia. \nTenía 24 años. \nCaso incluido en causa judicial en la que se investigaron, probaron y condenaron delitos de lesa humanidad.",
        "fecha": "",
        "foto": "",
        "categoria": "Personas desaparecidas",
        "_umap_options": {
          "color": "crimson",
          "iconClass": "Circle"
        }
      }
    },
    {
      "type": "Feature",
      "geometry": {
        "type": "Point",
        "coordinates": [
          -58.402462,
          -32.161663
        ]
      },
      "properties": {
        "name": "Velzi Bonnin, Alberto Tomás",
        "description": "Nació el 25 de marzo de 1945 en Villa Elisa.\nIngresó en la Abadía del Niño Dios, en Victoria, donde permaneció hasta los 18 años, cuando abandonó y se inscribió en la Facultad de Ciencias de la Educación de Paraná.  \nPosteriormente comenzó la carrera de Filosofía en la Universidad Católica de Santa Fe, como alumno y como docente, ya que, debido a su formación anterior, dominaba latín y griego, y por lo tanto pudo ejercer como profesor de la primera de dichas lenguas en la citada facultad, viviendo en el Colegio Mayor Universitario.  \nFue Secretario de Prensa de la Universidad, regente por un corto período de la Escuela Industrial Superior, integrando posteriormente la Comisión Directiva del \nMovimiento de Docentes de la Universidad del Litoral (MODUL).  \nAlberto fue detenido – desaparecido el 21 de agosto de 1977 en Agustín \nDelgado 1981, Santa Fe. Tenía 32 años. \nDenuncia realizada en 1984.",
        "fecha": "",
        "foto": "",
        "categoria": "Personas desaparecidas",
        "_umap_options": {
          "color": "crimson",
          "iconClass": "Circle"
        }
      }
    },
    {
      "type": "Feature",
      "geometry": {
        "type": "Point",
        "coordinates": [
          -58.961563,
          -31.98602
        ]
      },
      "properties": {
        "name": "Bendersky Toledano, Saúl",
        "description": "Nació el 03 de mayo de 1937 en Villa Domínguez, departamento Villaguay.\nCasado con Nicola Elena Leonisia Tascher.\nMilitante del Partido Socialista (PS). \nSaúl y su esposa fueron detenidos – desaparecidos entre el 15 y el 20 de septiembre de 1977 en -su domicilio San Nicolás, Capital Federal. \nÉl tenía 40 años.",
        "fecha": "",
        "foto": "",
        "categoria": "Personas desaparecidas",
        "_umap_options": {
          "color": "crimson",
          "iconClass": "Circle"
        }
      }
    },
    {
      "type": "Feature",
      "geometry": {
        "type": "Point",
        "coordinates": [
          -59.029884,
          -31.860355
        ]
      },
      "properties": {
        "name": "Cabandie Noguera, Damián Abel",
        "description": "\"Bugui\", nació el 16 de agosto de 1958 en Villaguay. \nEra hincha de River.\nVivió en la ciudad de San Miguel, provincia de Buenos Aires, junto a sus padres y sus hermanos.\nPor el año ‘74, comenzó a hacer teatro en el club Colegiales. Allí conoció a Alicia Alfonsín. Empleado telefónico, se desempeñaba como Aspirante Oficial Empalmador en la oficina de Defensa 143 de Buenos Aires.\nSu militancia la comenzó en la Unidad Básica “Beto Simona” del barrio de Colegiales. \nMilitante Peronista y Montonero.\nDamián fue detenido – desaparecido el 23 de noviembre de 1977 en el Trayecto e/lugar de trabajo y domicilio, Capital Federal, junto a su compañera. Alicia de 16 años estaba embarazada de 7 meses y dio a luz un hijo en el Centro Clandestino de\nDetención, Tortura y Exterminio (CCDTyE) de la ESMA.\nSobrevivientes lo vieron en los Centros Clandestinos de Detención (CCD) Club Atlético y El Banco. Tenía 19 años.\nSu hijo Juan Cabandie Alfonsin recuperó su identidad en 2004 y es el nieto recuperado Nº 77. En enero del año 2004 se reencontró con su familia.",
        "fecha": "",
        "foto": "",
        "categoria": "Personas desaparecidas",
        "_umap_options": {
          "color": "crimson",
          "iconClass": "Circle"
        }
      }
    },
    {
      "type": "Feature",
      "geometry": {
        "type": "Point",
        "coordinates": [
          -59.212875,
          -31.530409
        ]
      },
      "properties": {
        "name": "Cáceres Caballero, José Antonio",
        "description": "“Chiche\" o \"Quique , nació el 22 de enero de 1954 en Mojones Sur, Villaguay. \nSe desempeñaba como peón de albañil.\nJosé fue detenido – desaparecido el 16 de noviembre de 1976 en Pedro León Gallo y Ruta Nacional Nº 3 –galería-, San Justo, La Matanza, Buenos Aires. \nTenía un hijo.\nTenía 22 años.",
        "fecha": "",
        "foto": "",
        "categoria": "Personas desaparecidas",
        "_umap_options": {
          "color": "crimson",
          "iconClass": "Circle"
        }
      }
    },
    {
      "type": "Feature",
      "geometry": {
        "type": "Point",
        "coordinates": [
          -59.213905,
          -31.499238
        ]
      },
      "properties": {
        "name": "Cuesta Cisneros, Hugo Ramón",
        "description": "Nació el 12 de abril de 1949 en Mojones Norte.\nHugo fue detenido – desaparecido el 25 de enero de 1977 en Rivarola y Guayana. Villa Magdalena, Libertad. Merlo, Buenos Aires. \nFue secuestrado junto a su primo Cuestas Gorosito, Abelardo Eraclio. \nTenía 27 años. Denuncia realizada en 1984.",
        "fecha": "",
        "foto": "",
        "categoria": "Personas desaparecidas",
        "_umap_options": {
          "color": "crimson",
          "iconClass": "Circle"
        }
      }
    },
    {
      "type": "Feature",
      "geometry": {
        "type": "Point",
        "coordinates": [
          -59.215279,
          -31.530556
        ]
      },
      "properties": {
        "name": "Cuesta Gorosito, Abelardo Eraclio ",
        "description": "Nació el 2 de marzo de 1933 en Mojones Sur, Abelardo fue detenido – desaparecido el 25 de enero de 1977 en Rivarola y Guayana. Villa Magdalena, Libertad. Merlo, Buenos Aires. \nFue secuestrado junto a su primo Cuesta Cisneros, Hugo Ramón.\nTenía 43 años. \nDenuncia realizada en 1984.",
        "fecha": "",
        "foto": "",
        "categoria": "Personas desaparecidas",
        "_umap_options": {
          "color": "crimson",
          "iconClass": "Circle"
        }
      }
    },
    {
      "type": "Feature",
      "geometry": {
        "type": "Point",
        "coordinates": [
          -59031.0,
          -31.867353
        ]
      },
      "properties": {
        "name": "Elizagaray Hoogen, Enrique",
        "description": "\"Pacho\" nació el 10 de septiembre de 1951 en Villaguay.\nEra militante de la Juventud Peronista.\nLa noche del 21 de marzo de 1975, Enrique se encontraba en la casa de su tío Jorge Enrique Videla, junto a la esposa de este y sus hijos: Guillermo Enrique (16) y Jorge Lisandro (22); quienes vivían en la ciudad de Mar del Plata.\nEsa noche, irrumpió en la vivienda un grupo de jóvenes armados, vestidos de civil, que dijeron pertenecer a \"la Federal\", en realidad eran integrantes de la Concentración Nacional Universitaria (organización ultraderechista) y de la Triple A. \nEnrique intentó escapar por los techos, pero fue abatido con una descarga de ametralladora. Tenía 24 años.\nJorge Enrique Videla, su tío fue extraído de la casa junto a sus dos hijos.\nMenos de dos horas después sus cuerpos fueron hallados en las calles 176 y 54 del barrio Montemar, Mar del Plata.",
        "fecha": "",
        "foto": "",
        "categoria": "Personas desaparecidas",
        "_umap_options": {
          "color": "crimson",
          "iconClass": "Circle"
        }
      }
    },
    {
      "type": "Feature",
      "geometry": {
        "type": "Point",
        "coordinates": [
          -59.028769,
          -31.858241
        ]
      },
      "properties": {
        "name": "Gastiarozo Cepeda de Brontes, Ramona Esther",
        "description": "Nació el 16 de marzo de 1927 en Villaguay, estaba casada y tenía seis hijos. \nEn 1975, su hijo José, militante de la Juventud Trabajadora Peronista (JTP) y Montoneros, fue secuestrado y desaparecido durante 13 días antes de ser legalizado en el penal de Villa Devoto. Ramona se incorporó a la Comisión Peronista de Solidaridad (COPESOL) desde la que informaba a los medios de la situación de los detenidos, buscando mejorar la situación de ellos mediante entrevistas con la Iglesia y el poder político.\nRamona fue detenida – desaparecida el 09 de marzo de 1977 en Ciudadela, Tres de Febrero. Buenos Aires. \nEstuvo detenida y desapareció de la Unidad 9 de La Plata. \nTenía 49 años.\nSus hijas e hijos brindaron testimonios en el juicio por su causa, así contaron que ellas estuvieron en el secuestro de su madre y que del operativo participó gente con pantalones verdes y botas negras. Durante el operativo, los secuestrados pasaron el día en la casa de la familia, interrogándolos y torturándolos. Los militares buscaban a su papá, Carlos María Brontes.\nFinalmente, se llevaron a Ramona y al tío de las chicas. \nUna vecina les contó que se los llevaron en un auto falcón verde.",
        "fecha": "",
        "foto": "",
        "categoria": "Personas desaparecidas",
        "_umap_options": {
          "color": "crimson",
          "iconClass": "Circle"
        }
      }
    },
    {
      "type": "Feature",
      "geometry": {
        "type": "Point",
        "coordinates": [
          -59.030914,
          -31.865239
        ]
      },
      "properties": {
        "name": "Germano Salvay, Eduardo Raúl",
        "description": "Nació el 20 de febrero de 1958 en Villaguay. \nMilitante en la Agrupación de Estudiantes Secundarios (AES) primero, y en la Juventud Peronista (JP) y Montoneros, después.\nEduardo fue detenido - desaparecido el 17 de diciembre de 1976 en Rosario, Santa Fe. Y asesinado el 26 de diciembre de 1976 en Bv. Argentino Y Colombres, Rosario. \nSobrevivientes lo vieron en el Centro Clandestino de Detención, Tortura y Exterminio (CCDTyE) \"El Pozo\" que funcionaba en los sótanos de la Jefatura de Policía en Rosario.\nSus restos fueron recuperados por el Equipo Argentino de Antropología Forense (EAAF) en 2011 del Cementerio de la Piedad en Rosario y enterrados en el Cementerio Parque de La Paz, Paraná.\nTenía 18 años.",
        "fecha": "",
        "foto": "",
        "categoria": "Personas desaparecidas",
        "_umap_options": {
          "color": "crimson",
          "iconClass": "Circle"
        }
      }
    },
    {
      "type": "Feature",
      "geometry": {
        "type": "Point",
        "coordinates": [
          -59.03203,
          -31.862396
        ]
      },
      "properties": {
        "name": "Godoy Domínguez, Rito Bartolo",
        "description": "Nació el 27 de octubre de 1944 en Villaguay. Estaba casado.\nEmpleado en GRAFA SA y militante de la “Agrupación Evita” de la Juventud Trabajadora Peronista (JTP) en el establecimiento industrial de GRAFA.\nRito fue detenido – desaparecido el 15 de septiembre de 1976 en José C. Paz, General Sarmiento. Buenos Aires. \nTenía 31 años.",
        "fecha": "",
        "foto": "",
        "categoria": "Personas desaparecidas",
        "_umap_options": {
          "color": "crimson",
          "iconClass": "Circle"
        }
      }
    },
    {
      "type": "Feature",
      "geometry": {
        "type": "Point",
        "coordinates": [
          -58.921051,
          -31.495433
        ]
      },
      "properties": {
        "name": "Godoy Monzón de Peréz, Eva Soledad.",
        "description": "Nació el 19 de agosto de 1947 en Lucas Norte. \nEstaba casada con Roque Vicente Pérez, quien era secretario del Sindicato Papelero. \nTenían dos hijos.\nEva fue asesinada el 05 de abril de 1976 en el Barrio Bosch, Zárate. Buenos Aires. \nTenía 28 años.",
        "fecha": "",
        "foto": "",
        "categoria": "Personas desaparecidas",
        "_umap_options": {
          "color": "crimson",
          "iconClass": "Circle"
        }
      }
    },
    {
      "type": "Feature",
      "geometry": {
        "type": "Point",
        "coordinates": [
          -59.023705,
          -31.864437
        ]
      },
      "properties": {
        "name": "López Ayllón, Alfredo Horacio",
        "description": "Nació el 23 de septiembre de 1959 en Villaguay, Entre Ríos. \nEstudiante secundario.\nFue detenido – desaparecido el 12 de noviembre de 1977 en Solares de la Ensenada de Villa Carlos Paz, Provincia de Córdoba, por un grupo de personas armadas que dependían operacionalmente del Ejército Argentino. \nVisto en el Centro Clandestino de Detención (CCD) La Perla. \nTenía 18 años.\nCaso incluido en causa judicial en la que se investigaron, probaron y condenaron delitos de lesa humanidad.",
        "fecha": "",
        "foto": "",
        "categoria": "Personas desaparecidas",
        "_umap_options": {
          "color": "crimson",
          "iconClass": "Circle"
        }
      }
    },
    {
      "type": "Feature",
      "geometry": {
        "type": "Point",
        "coordinates": [
          -59.024391,
          -31.868155
        ]
      },
      "properties": {
        "name": "López Ayllón, Jorge Gustavo",
        "description": "Nació el 25 de octubre de 1955 en Villaguay, Entre Ríos. Hermano de López Ayllón, Alfredo Horacio.\nJorge fue detenido – desaparecido el 17 de Mayo de 1977 en Octavio Pinto 42 (inmediaciones de Alberdi) Córdoba.\nEra perito mercantil, estudiaba medicina y trabajaba en la librería \"Nubis\". Militaba en el Partido Revolucionario de los Trabajadores - Ejército Revolucionario del Pueblo (PRT-ERP). \"Fredy\", como le decían sus compañeros, fue secuestrado la tarde del 17 de mayo de 1977, saliendo de la casa de sus padres en el barrio Alberdi. Permaneció cautivo en el Centro Clandestino de Detención Tortura y Exterminio \"La Perla\".\nJorge fue fusilado el 29/5/77 junto a otros detenidos-desaparecidos de “La Perla”.\nTenía 21 años.",
        "fecha": "",
        "foto": "",
        "categoria": "Personas desaparecidas",
        "_umap_options": {
          "color": "crimson",
          "iconClass": "Circle"
        }
      }
    },
    {
      "type": "Feature",
      "geometry": {
        "type": "Point",
        "coordinates": [
          -59.246521,
          -31.85948
        ]
      },
      "properties": {
        "name": "Muniz Barreto Bunge, Diego",
        "description": "Nació el 28 de enero de 1934 en Mar del Plata.\nTenía cuatro hermanos y tres hijos. Estaba casado. \nA fines de 1972 lo detuvieron y fue llevado a la Cárcel de Devoto y ya en libertad, denunció el trato a los presos políticos.\nEn 1973 fue elegido diputado, renunciando tiempo después.\nMilitante de montoneros.\nA Diego lo secuestraron el 16 de febrero de 1977, en una carnicería de Escobar, a seis cuadras de la comisaría. Con él se llevaron a Juan José Fernández, su chofer personal, secretario privado y compañero de militancia.\nTestigos los habían visto en el Centro Clandestino de \nDetención, Tortura y Exterminio (CCDTyE) de Campo de Mayo.\nLos tuvieron 16 días secuestrados a orillas de un arroyo en Villaguay.\nEl 05 de marzo de 1977, bajo el puente del Arroyo Moreyra, Raíces Oeste, les inyectaron un líquido para adormecerlos., luego los metieron en el Fiat y los lanzaron al arroyo.\nJuan José se salvó y dejó escrito lo ocurrido. Falleció en 1985, ya en democracia.\nDiego tenía 43 años al momento de su fallecimiento.",
        "fecha": "",
        "foto": "",
        "categoria": "Personas desaparecidas",
        "_umap_options": {
          "color": "crimson",
          "iconClass": "Circle"
        }
      }
    },
    {
      "type": "Feature",
      "geometry": {
        "type": "Point",
        "coordinates": [
          -58.631973,
          -31.735175
        ]
      },
      "properties": {
        "name": "Rougier Martín, Nelio Francisco Javier",
        "description": "“El Gringo” nació el 3 de diciembre de 1932 en Jubileo, Villaguay. \nEn Paraná, donde se ordenó sacerdote, fue director espiritual del Seminario, capellán del leprosario que funcionaba en el hospital Fidanza y trabajaba en barrios marginales. Cuando conoció a Arturo Paoli se unió a la Fraternidad de Fortín Olmos, donde fue hachero. Luego fue destinado a Europa y más tarde hizo trabajo humanitario en Nigeria y con los aborígenes de la selva venezolana.\nDe regreso en la Argentina se instaló en la villa miseria cordobesa Barranca Yaco, donde fue recolector de basura y albañil y participó activamente en la organización sindical y barrial de sus vecinos. \nMilitante del Partido Revolucionario de los Trabajadores – Ejército Revolucionario del Pueblo (PRT-ERP). \nNelio fue detenido – desaparecido en Septiembre 1975 en el trayecto entre \nCórdoba y Tucumán. Sobrevivientes lo vieron en el Centro Clandestino de Detención (CCD) Escuelita de Famailla. \nTenía 42 años.\nDenuncia realizada en 2004.",
        "fecha": "",
        "foto": "",
        "categoria": "Personas desaparecidas",
        "_umap_options": {
          "color": "crimson",
          "iconClass": "Circle"
        }
      }
    },
    {
      "type": "Feature",
      "geometry": {
        "type": "Point",
        "coordinates": [
          -59.021816,
          -31.866843
        ]
      },
      "properties": {
        "name": "Saenz Gauna, Ricardo Manuel",
        "description": "Nació el 12 de octubre de 1946.\nEmpleado en Paschini Y Depetris.  \nEra militante sindical.\nRicardo fue detenido – desaparecido el 23 de noviembre de 1979 en el trayecto entre su domicilio y el trabajo en la ciudad de Córdoba. \nTenía 33 años.",
        "fecha": "",
        "foto": "",
        "categoria": "Personas desaparecidas",
        "_umap_options": {
          "color": "crimson",
          "iconClass": "Circle"
        }
      }
    },
    {
      "type": "Feature",
      "geometry": {
        "type": "Point",
        "coordinates": [
          -59.025421,
          -31.859334
        ]
      },
      "properties": {
        "name": "Silva Vilches, Delio Ramón.",
        "description": "Nació el 05 de agosto de 1936.\nDelio fue detenido – desaparecido el 10 de agosto de 1976 en el trayecto entre su domicilio y Mataderos, San Justo. La Matanza, Buenos Aires. Tenía 40 años.",
        "fecha": "",
        "foto": "",
        "categoria": "Personas desaparecidas",
        "_umap_options": {
          "color": "crimson",
          "iconClass": "Circle"
        }
      }
    },
    {
      "type": "Feature",
      "geometry": {
        "type": "Point",
        "coordinates": [
          -59.212554,
          -31.499202
        ]
      },
      "properties": {
        "name": "Torres Retamar, Armando Ruperto",
        "description": "Nació el 19 de agosto de 1953.\nSe casó con Miriam Esther López y tuvieron dos hijas.\nArmando cortaba ladrillos, arreglaba motos, trabajaba en la Química Mebomar y también le quedaba tiempo para ayudar a algún vecino y juntarse con otros jóvenes para realizar trabajos comunitarios. Fue el primero de los hermanos Torres en entrar a trabajar en la Química Mebomar, e integró con ellos la Comisión Gremial Interna.\nMilitante Peronista.  \nArmando fue detenido – desaparecido el 07 de diciembre de 1976 en Szmüller y Martín García –su domicilio-, Monte Grande. Partido de Esteban Echeverría, Buenos Aires.    \nEl mismo día fue secuestrado su hermano Dardo, y al día siguiente Edgardo. \nAsesinado el 24 de diciembre de 1976 en Alberto Larroque y Camino Puente de la Noria (Camino Negro), Banfield.  Lomas De Zamora, Buenos Aires. Los restos de Armando, Dardo y Edgardo fueron recuperados por el Equipo Argentino de Antropología Forense (EAAF) en noviembre de 2011. Tenía 23 años.",
        "fecha": "",
        "foto": "",
        "categoria": "Personas desaparecidas",
        "_umap_options": {
          "color": "crimson",
          "iconClass": "Circle"
        }
      }
    },
    {
      "type": "Feature",
      "geometry": {
        "type": "Point",
        "coordinates": [
          -59.212554,
          -31.499714
        ]
      },
      "properties": {
        "name": "Torres Retamar, Dardo César",
        "description": "Nació el 29 de marzo de 1948.\nEra el segundo hijo de la familia Torres Retamar y estaba casado con María Cristina Fallesen con quien tuvo dos hijos.\nAprendió el oficio de su padre, amasar y cortar ladrillos. En Buenos Aires empezó a trabajar en un horno de ladrillos junto a sus hermanos, luego en una fábrica de antenas y finalmente en 1974 ingresó en la Química Mebomar.\nMilitante Peronista.  \nDardo fue detenido – desaparecido el 07 de diciembre de 1976 en Szmüller y 12 de octubre – su domicilio-, Monte Grande. Esteban Echeverría, Buenos Aires.  \nEl mismo día fue secuestrado su hermano Armando, y al día siguiente Edgardo. \nAsesinado el 24 de diciembre de 1976 en Alberto Larroque y Camino Puente de la Noria (Camino Negro), Banfield.  Lomas De Zamora, Buenos Aires. \nLos restos de Dardo, Armando y Edgardo fueron recuperados por el Equipo Argentino de Antropología Forense (EAAF) en noviembre de 2011. Tenía 28 años.",
        "fecha": "",
        "foto": "",
        "categoria": "Personas desaparecidas",
        "_umap_options": {
          "color": "crimson",
          "iconClass": "Circle"
        }
      }
    },
    {
      "type": "Feature",
      "geometry": {
        "type": "Point",
        "coordinates": [
          -59.212275,
          -31.49944
        ]
      },
      "properties": {
        "name": "Torres Retamar, Edgardo Buenaventura",
        "description": "Nació el 05 de julio de 1945 en Entre Ríos.  \nEdgardo era el primer hijo de la familia Torres Retamar, formada por los  padres y seis hermanos.  Tenía catorce años cuando llegó a Buenos Aires, y su primer trabajo fue en un horno de ladrillos.\nSe había casado y tenido un hijo con Leticia Godoy.\nEdgardo trabajaba en la metalúrgica Santa Rosa, hasta que consiguió un empleo en la Química Mebomar cerca de su hogar.\nEdgardo fue detenido – desaparecido el 08 de diciembre de 1976 en Pontevedra, Merlo. Buenos Aires. Sus hermanos Armando y Dardo fueron secuestrados un día antes. \nAsesinado el 24 de diciembre de 1976 en Alberto Larroque y Camino Puente de la Noria (Camino Negro), Banfield.  Lomas de Zamora, Buenos Aires.  Los restos de Edgardo, Dardo y Armando fueron recuperados por el Equipo Argentino de Antropología Forense (EAAF) en noviembre de 2011. Tenía 31 años.",
        "fecha": "",
        "foto": "",
        "categoria": "Personas desaparecidas",
        "_umap_options": {
          "color": "crimson",
          "iconClass": "Circle"
        }
      }
    },
    {
      "type": "Feature",
      "geometry": {
        "type": "Point",
        "coordinates": [
          -59.023876,
          -31.86174
        ]
      },
      "properties": {
        "name": "Videla Yanzi Hoogen, Guillermo Enrique",
        "description": "Nació el 14 de mayo de 1958 en Villaguay. \nA sus seis años toda la familia se trasladó a Mar del Plata.\nEra militante del centro de estudiantes a través de la Unión de Estudiantes Secundarios (UES).\nEra primo de Enrique “Pacho” Elizagaray Hoogen, quienes se encontraba con él y su padre, cuando in grupo armado irrumpió en su domicilio. \nGuillermo fue secuestrado, junto a su padre y hermano, el 21 de marzo de 1975 en España 856, Mar del Plata. Gral. Pueyrredón, Buenos Aires \nAsesinado el 21 de marzo de 1975 en Calles 166 y 44 Barrio de Montemar, Mar Del Plata. Gral. Pueyrredón, Buenos Aires. \nSu cuerpo presentaba 27 heridas de bala.\nTenía 16 años.",
        "fecha": "",
        "foto": "",
        "categoria": "Personas desaparecidas",
        "_umap_options": {
          "color": "crimson",
          "iconClass": "Circle"
        }
      }
    },
    {
      "type": "Feature",
      "geometry": {
        "type": "Point",
        "coordinates": [
          -59.022675,
          -31.859845
        ]
      },
      "properties": {
        "name": "Videla Yanzi Hoogen, Jorge Lisandro",
        "description": "“Coque” nació el 09 de septiembre de 1952 en Villaguay, Entre Ríos. \nMilitante de la Juventud Universitaria Peronista (JUP).\nJorge Lisandro fue secuestrado el 21 de marzo de 1975 en España 856, Mar del Plata. Gral. Pueyrredón, Buenos Aires, junto a su hermano Guillermo, su papá Jorge Enrique y su primo Enrique. Asesinados el 21 de marzo de 1975 en Calles 166 y 44 · Barrio de Montemar, Mar Del Plata. Gral. Pueyrredón, Buenos Aires. \nTenía 22 años.",
        "fecha": "",
        "foto": "",
        "categoria": "Personas desaparecidas",
        "_umap_options": {
          "color": "crimson",
          "iconClass": "Circle"
        }
      }
    },
    {
      "type": "Feature",
      "geometry": {
        "type": "Point",
        "coordinates": [
          -59.155369,
          -33.741899
        ]
      },
      "properties": {
        "name": "Cerrudo Marklay de Casaña, Delia Rosa",
        "description": "Delia nació el 19 de septiembre de 1920 en Ibicuy, Islas Del Ibicuy. Entre Ríos. \nEstaba casada y tenía dos hijos. \nDelia fue detenida – desaparecida en marzo de 1977 en San Antonio De Padua, Merlo, Buenos Aires, junto a su hijo Víctor Hugo Casaña. Delia tenía 56 años.",
        "fecha": "",
        "foto": "",
        "categoria": "Personas desaparecidas",
        "_umap_options": {
          "color": "crimson",
          "iconClass": "Circle"
        }
      }
    },
    {
      "type": "Feature",
      "geometry": {
        "type": "Point",
        "coordinates": [
          -59.150562,
          -33.745325
        ]
      },
      "properties": {
        "name": "Mirich Brasesco, Jorge Daniel",
        "description": "Jorge nació el 02 de agosto de 1956 en Ibicuy, Islas del Ibicuy. Entre Ríos.\nFue secuestrado el 07 de julio de 1976 en Esquel 1252, Ezpeleta, Quilmes, Buenos Aires, siendo asesinado esa misma noche en Franklin y Manuel R. Trelles, Flores. Capital Federal. \nFue enterrado en el Cementerio de la Chacarita como NN donde su familia pudo recuperar sus restos. Tenía 19 años.",
        "fecha": "",
        "foto": "",
        "categoria": "Personas desaparecidas",
        "_umap_options": {
          "color": "crimson",
          "iconClass": "Circle"
        }
      }
    },
    {
      "type": "Feature",
      "geometry": {
        "type": "Point",
        "coordinates": [
          -58.877792,
          -32.373728
        ]
      },
      "properties": {
        "name": "Antunez Ruiz, Juan José",
        "description": "Juan José nació el 19 de enero de 1955 en Basavilbaso, departamento Uruguay, Entre Ríos. Estaba realizando la Conscripción en el Batallón de Ingenieros de Combate 181, en Río Gallegos. Militante de la Juventud Guevarista (JG).\nJuan fue detenido – desaparecido el 01 de febrero de 1977 del Batallón de Ingenieros de Combate 181 Río Gallegos Güer Aike. Santa Cruz. Tenía 22 años.",
        "fecha": "",
        "foto": "",
        "categoria": "Personas desaparecidas",
        "_umap_options": {
          "color": "crimson",
          "iconClass": "Circle"
        }
      }
    },
    {
      "type": "Feature",
      "geometry": {
        "type": "Point",
        "coordinates": [
          -58.242645,
          -32.48428
        ]
      },
      "properties": {
        "name": "Bel Pasina, Elvio Angel",
        "description": "Elvio nació el 20 de enero de 1938 en Concepción del Uruguay, Entre Ríos.\nEstaba casado y tenía un hijo. Militante del Partido Comunista (PC).\nÁngel impulsó la Comisión de Solidaridad con los Presos Políticos que actuó en\n1972, siendo apoderado de Mario Santucho en la U6 de Rawson. Esto le costó a Bel su detención, pero recuperó la libertad junto a otros 15 presos.\nA los 20 años hizo el servicio militar en Comodoro Rivadavia, pero luego fue\ntrasladado al Distrito Militar de Trelew. Al terminar la colimba se quedó y volvió\nal ejercicio de la docencia. Allí se transformó en maestro rural. Integró una cooperativa de vivienda y se afilió al Partido Comunista (PC), en 1965. \nTambién fue uno de los fundadores de un Instituto de Estudios Superiores en\n1966, que comenzó a funcionar dependiendo de la Universidad del Sur de Bahía Blanca y terminó convirtiéndose en la actual Universidad Nacional de la Patagonia San Juan Bosco (UNP). Bel ejerció varios oficios: trabajó en el Instituto Nacional de Tecnología Agropecuaria (INTA), en la escuela de la Unidad Penal Nº 6 de Rawson, en la Dirección de Estadísticas y Censos de la provincia, como periodista y también como comerciante.\nAngel fue detenido - desaparecido el 05 de noviembre de 1976 en 25 de mayo de 109 –Comercio- Trelew, Rawson, Chubut, junto a su hijo de 8 meses. Su hijo fue entregado a la madre, Hilda Fredes. Bel continúa desaparecido. Tenía 38 años.",
        "fecha": "",
        "foto": "",
        "categoria": "Personas desaparecidas",
        "_umap_options": {
          "color": "crimson",
          "iconClass": "Circle"
        }
      }
    },
    {
      "type": "Feature",
      "geometry": {
        "type": "Point",
        "coordinates": [
          -58.867493,
          -32.383441
        ]
      },
      "properties": {
        "name": "Bendersky Edelstein, Zulema Edith",
        "description": "Zulema nació el 30 de diciembre de 1952 en Basavilbaso, departamento Uruguay. Entre Ríos.\nEra maestra normal, traductora de inglés, maestra de italiano y licenciada en\nCiencias de la Educación.\nMilitante del Partido Socialista.\nZulema fue detenida - desaparecida el 10 de junio de 1976 en Córdoba.\nSobrevivientes la vieron en el Centro Clandestino de Detención, Tortura y Exterminio (CCDTyE) La Perla. Tenía 23 años.",
        "fecha": "",
        "foto": "",
        "categoria": "Personas desaparecidas",
        "_umap_options": {
          "color": "crimson",
          "iconClass": "Circle"
        }
      }
    },
    {
      "type": "Feature",
      "geometry": {
        "type": "Point",
        "coordinates": [
          -58.232002,
          -32.482253
        ]
      },
      "properties": {
        "name": "De Sanctis Terre, Raúl René",
        "description": "Raúl “Mono/Lobo” nació el 29 de julio de 1954 en Concepción del Uruguay, departamento Uruguay, Entre Ríos, debido a que su padre era médico militar y estaba asignado en dicha provincia. De pequeño, Raúl con su familia se mudó a Rosario; haciendo el secundario en el Colegio San José de los curas salesianos. Estudiante de Humanidades (Antropología) en la Universidad Nacional de Rosario (UNL). Obrero en la empresa metalúrgica Acindar.\nEstaba casado con Myriam Ovando. Militante de Juventud Universitaria Peronista (JUP) y de Montoneros en la Columna 17. \nRaúl fue detenido – desaparecido a fines de mayo de 1977 en Estación Campana del Ferrocarril General Bartolomé Mitre (FCGBM) -Inmediaciones de Campana. Buenos Aires. Sobrevivientes lo vieron en los Centros Clandestinos de Detención, Tortura y Exterminio (CCDTyE) Club Atlético y Campo de Mayo. Tenía 22 años. \nSu esposa Myriam Ovando estaba embarazada de 6 meses cuando la secuestraron el 1 de abril de 1977. Su hija Laura Catalina recuperó su identidad el 8 septiembre de 2008.",
        "fecha": "",
        "foto": "",
        "categoria": "Personas desaparecidas",
        "_umap_options": {
          "color": "crimson",
          "iconClass": "Circle"
        }
      }
    },
    {
      "type": "Feature",
      "geometry": {
        "type": "Point",
        "coordinates": [
          -58.229599,
          -32.492389
        ]
      },
      "properties": {
        "name": "Dominguez Suarez, Miguel Alejandro ",
        "description": "Miguel “Cabezón, Miguelito” nació el 11 de marzo de 1949 en Concepción del Uruguay, departamento Uruguay, Entre Ríos. \nMiguel era estudiante de Ciencias Económicas en Universidad Nacional de La Plata (UNLP). Militante de la Juventud Universitaria Peronista (JUP). \nMiguel fue detenido el 3 de febrero de 1975 en la provincia de Córdoba. Desaparecido el 3 de febrero de 1978 de la Unidad Penal Nº 9 de La Plata. Villa Elvira, La Plata. Buenos Aires; habiéndosele comunicado a su familia que había sido liberado. Sobrevivientes lo vieron en los Centros Clandestinos de Detención (CCD) Unidad Penal Nº 1 de Córdoba (Penitenciaría San Martín), Unidad Penal Nº 2 de Sierra Chica y Unidad Penal Nº 9 de La Plata. Tenía 28 años.",
        "fecha": "",
        "foto": "",
        "categoria": "Personas desaparecidas",
        "_umap_options": {
          "color": "crimson",
          "iconClass": "Circle"
        }
      }
    },
    {
      "type": "Feature",
      "geometry": {
        "type": "Point",
        "coordinates": [
          -58.235779,
          -32.489782
        ]
      },
      "properties": {
        "name": "Fulini Britch, Juan Carlos",
        "description": "Juan Carlos “El Flaco” nació el 24 de noviembre de 1951 en Concepción del Uruguay, departamento Uruguay. Entre Ríos. Cursó sus estudios secundarios en el histórico Colegio del Uruguay egresando en 1969. En 1974 se fue a Buenos Aires a trabajar a la sucursal del Banco Entre Ríos y a estudiar Ciencias Económicas en la Universidad de Buenos Aires (UBA). Juan Carlos estaba vinculado con la militancia política a través de la Juventud Trabajadora Peronista (JTP) compartiendo su militancia política junto a sus compañeros de trabajo Orlando “Lito” Raffo oriundo de la ciudad de Gualeguaychú y José Ismael Acevedo de Nogoyá. El “Flaco” Fulini era muy querido por sus compañeros del banco. Allí desempeñaba sus tareas en el área de Comercio Exterior. Tenía una hermana, varios años menor, a quien se refería siempre como “mi hermanita” en forma muy cariñosa. \nJuan Carlos fue detenido - desaparecido el 3 de marzo de 1977 en calle Carlos Pellegrini 833 PB 4, Retiro. Capital Federal. Buenos Aires, junto a Orlando Raffo con quien vivía, en el departamento que compartían. “Fuerzas conjuntas”, así se presentaron en el edificio, se los llevaron a la vista de decenas de personas, previo a destruir la puerta del departamento con un explosivo. Luego de llevárselos a la rastra, y subirlos a un vehículo, incendiaron el departamento que quedó totalmente destruido. La noticia salió en más de un diario de la época. El año anterior, a mediados de 1976 había sido secuestrado su compañero de trabajo José Acevedo, de Nogoyá .\nSobrevivientes lo vieron en el Centro Clandestino de Detención, Tortura y Exterminio (CCDTyE) Club Atlético. Tenía 25 años.",
        "fecha": "",
        "foto": "",
        "categoria": "Personas desaparecidas",
        "_umap_options": {
          "color": "crimson",
          "iconClass": "Circle"
        }
      }
    },
    {
      "type": "Feature",
      "geometry": {
        "type": "Point",
        "coordinates": [
          -58.242989,
          -32.475012
        ]
      },
      "properties": {
        "name": "Garnier Díaz, Edgardo Roberto",
        "description": "Edgardo nació el 7 de agosto de 1955 en Concepción de Uruguay, departamento Uruguay, Entre Ríos. Fue a la Escuela N°1 Nicolás Avellaneda y era excelente alumno. Leía historietas y prefería las materias humanísticas. Era hincha de Independiente. Edgardo estudiaba Ingeniería Electromecánica en La Universidad Nacional de la Plata (UNLP). \nVioleta y Edgardo se casaron el 7 de agosto de 1976 en una sencilla ceremonia religiosa realizada en Bolívar. Ella estaba embarazada de 3 meses. La pareja pensaba llamar a su bebé Vanesa, si era nena; Marcos o Enrique, si era varón. La pareja militó en el Frente de Agrupaciones Eva Perón (FAEP), Edgardo también militó en la Juventud Peronista (JP) y Violeta en la Juventud Universitaria Peronista (JUP). Luego, ambos formaron parte de Montoneros. Sus compañeros la llamaban \"La Viole\" y, a él, \"La Vieja Bordolino\" o \"El Viejo\". \nVioleta fue secuestrada el 14 de diciembre de 1976 en el Barrio La Granja de La Plata, con un embarazo de 8 meses. Desde entonces, Edgardo buscó por cielo y tierra a su mujer y luego regresó a su pueblo en Entre Ríos. Cerca de la fecha probable de parto, emprendió nuevamente la búsqueda. Se despidió diciendo que iba a buscar a su hijo y, al poco tiempo, el 8 de febrero de 1977, en La Plata, también fue secuestrado. Tenía 21 años. \nSu hija Adriana Garnier Ortolani nacida en enero de 1977 durante el cautiverio de su madre, recuperó su identidad el 4 de diciembre de 2017 y pudo encontrarse con su familia y su abuela Blanca Díaz de Garnier.",
        "fecha": "",
        "foto": "",
        "categoria": "Personas desaparecidas",
        "_umap_options": {
          "color": "crimson",
          "iconClass": "Circle"
        }
      }
    },
    {
      "type": "Feature",
      "geometry": {
        "type": "Point",
        "coordinates": [
          -58.872299,
          -32.376772
        ]
      },
      "properties": {
        "name": "Glaz Ravinovich, Benjamín Ernesto Hertzl",
        "description": "Benjamín nació el 14 de junio de 1933 en Basavilbaso, departamento Uruguay, Entre Ríos. Estaba casado con Esther Wejcman. Era empleado de comercio y en Fábrica Textil Landers. \nBenjamín fue detenido – desaparecido el 26 de enero de 1977 en Santiago del Estero 882, Constitución. Capital Federal. Su compañera Esther Wejcman, también fue detenida - desaparecida. Benjamín tenía 43 años.",
        "fecha": "",
        "foto": "",
        "categoria": "Personas desaparecidas",
        "_umap_options": {
          "color": "crimson",
          "iconClass": "Circle"
        }
      }
    },
    {
      "type": "Feature",
      "geometry": {
        "type": "Point",
        "coordinates": [
          -58.252773,
          -32.486162
        ]
      },
      "properties": {
        "name": "Godoy Almada, Carlos Oscar",
        "description": "Carlos ”Tito” nació el 25 de abril de 1951 en Concepción del Uruguay, departamento Uruguay, Entre Ríos. Su padre era ferroviario y su madre costurera. Su familia se radicó en Córdoba en 1962. \nCarlos estudió cine en la Escuela de Artes de la Facultad de Filosofía y Humanidades de la Universidad Nacional de Córdoba (UNC). Militante del Peronismo de Base hasta entrado el 73, luego se sumó a la Juventud Universitaria Peronista (JUP). \nCarlos fue detenido – desaparecido el 07 de julio de 1976 en Córdoba. Sobrevivientes lo vieron en el Centro Clandestino de Detención, Tortura y Exterminio (CCDTyE) La Perla antes de su asesinato. Tenía 25 años.",
        "fecha": "",
        "foto": "",
        "categoria": "Personas desaparecidas",
        "_umap_options": {
          "color": "crimson",
          "iconClass": "Circle"
        }
      }
    },
    {
      "type": "Feature",
      "geometry": {
        "type": "Point",
        "coordinates": [
          -58.877792,
          -32.379672
        ]
      },
      "properties": {
        "name": "Kobrinsky Goñondsky, Saúl Mario ",
        "description": "Saúl Nació el 07/11/1952 en Basavilbaso. \nEra estudiante de Derecho. Militaba en el partido peronista y formaba parte de Montoneros. \nFue asesinado el 05/10/1975 en Formosa, en el Regimiento de Infantería de Monte 29 en una ejecución de prisioneros en eventual defensa. \nLo enterraron en una fosa común por el momento. Meses más tarde, sus restos llegaron a San Martín y 300 personas acompañaron su entierro.\nTenía 22 años.",
        "fecha": "",
        "foto": "",
        "categoria": "Personas desaparecidas",
        "_umap_options": {
          "color": "crimson",
          "iconClass": "Circle"
        }
      }
    },
    {
      "type": "Feature",
      "geometry": {
        "type": "Point",
        "coordinates": [
          -58.247795,
          -32.480225
        ]
      },
      "properties": {
        "name": "Liberoff Peisajovich, Manuel ",
        "description": "Manuel nació el 31/03/1921 en Concepción del Uruguay/Paraná. Uruguayo naturalizado. \nEra médico y militaba en el Sindicato Médico del Uruguay y en el partido comunista. Fue perseguido por las autoridades de Uruguay y expulsado de ese país en 1973.\nMilitaba en el Sindicato Médico del Uruguay, Convención Nacional de Trabajadores y Coordinadora de Padres de Alumnos de Enseñanza Secundaria.    \nTambién militaba en el Partido Comunista del Uruguay y el Frente Amplio.\nFue secuestrado en la madrugada del 19 de mayo de 1976 en su domicilio en Avenida San Martín 2610 1° Paternal - VIlla Mitre- Capital Federal Sobrevivientes lo vieron en el Centro Clandestino de Dentención, Tortura y Exterminio Automotores Orletti. Tenía 55 años.",
        "fecha": "",
        "foto": "",
        "categoria": "Personas desaparecidas",
        "_umap_options": {
          "color": "crimson",
          "iconClass": "Circle"
        }
      }
    },
    {
      "type": "Feature",
      "geometry": {
        "type": "Point",
        "coordinates": [
          -58.247795,
          -32.476605
        ]
      },
      "properties": {
        "name": "López Falcón, Carlos Alberto",
        "description": "Carlos nació el 16 de agosto de 1950 en Concepción del Uruguay. \nEstaba casado y era padre de dos niñas. Trabajaba como obrero metalúrgico en VICAR.  \nFue secuestrado el 5 de mayo de 1976 en La Tablada, Córdoba en un operativo ilegal de detención. Tenía 25 años.",
        "fecha": "",
        "foto": "",
        "categoria": "Personas desaparecidas",
        "_umap_options": {
          "color": "crimson",
          "iconClass": "Circle"
        }
      }
    },
    {
      "type": "Feature",
      "geometry": {
        "type": "Point",
        "coordinates": [
          -58.243675,
          -32.486307
        ]
      },
      "properties": {
        "name": "Nardone Irigoyen, Dina Ana María ",
        "description": "Dina nació el 17 de abril de 1955 en Concepción del Uruguay, Entre Ríos. \nDina nació en el seno de una típica familia de clase media trabajadora. Su padre Elio, era empleado del Banco Nación, su madre, profunda cristiana, era un ama de casa que criaba y era feliz con sus hijos a los que amaba profundamente. Tuvo dos hermanos, Antonio, el mayor y Alfredo, más conocido como Pepito o Pepe el menor. Dina fue una niña alegre, vivaz, amante del deporte y muy cariñosa con sus hermanos.\nSus primeros estudios los realizó en una escuela religiosa de Capital, en el Instituto “María Ana Mogas”, dirigido por Religiosas Terciarias Franciscanas.\nMás tarde es alumna del Instituto Privado Mariano Moreno poco antes de instalarse en Concepción del Uruguay. Al finalizar el año 1964 su familia decidió trasladarse a la ciudad de Concepción del Uruguay.\nDina comenzó el año 1965 cursando en el turno mañana de la Escuela Normal Mixta Mariano Moreno y viviendo en la nueva casa de la calle San Martín de la ciudad de Concepción del Uruguay. \nDurante 1968 Dina comenzó a transitar su escuela media como alumna del entonces llamado Colegio Superior del Uruguay Justo José de Urquiza, más precisamente de la Sección Comercial Anexa del turno tarde. \nEn 1973 se radica en Buenos Aires para estudiar Medicina en la Universidad Nacional Buenos Aires (UBA).\nDina fue detenida – desaparecida el 10 de noviembre de 1978 en calle Juncal 1.264 –Pensión “El Centavo”- Retiro. Capital Federal. Buenos Aires. \nSu compañero Francisco Natalio Mirabelli, quien fue secuestrado el día anterior, fue llevado junto a ella al Centro Clandestino de Detención, Tortura y Exterminio (CCDTyE) de la ESMA. Estaba embarazada. Tenía 23 años.",
        "fecha": "",
        "foto": "",
        "categoria": "Personas desaparecidas",
        "_umap_options": {
          "color": "crimson",
          "iconClass": "Circle"
        }
      }
    },
    {
      "type": "Feature",
      "geometry": {
        "type": "Point",
        "coordinates": [
          -58.238354,
          -32.482108
        ]
      },
      "properties": {
        "name": "Olivera Muller, Agustin ",
        "description": "Agustín nació el 28 de agosto de 1924 en Rocamora, Concepción del Uruguay. Entre Ríos.\nAgustín fue secuestrado y herido el 06 de octubre de 1976 en la Ruta Panamericana - altura localidad Garín- Garín, Escobar. Buenos Aires. Falleció el 16 de octubre de 1976 en la Clínica Modelo \"Olivos\" (Vicente. López). Tenía 52 años.",
        "fecha": "",
        "foto": "",
        "categoria": "Personas desaparecidas",
        "_umap_options": {
          "color": "crimson",
          "iconClass": "Circle"
        }
      }
    },
    {
      "type": "Feature",
      "geometry": {
        "type": "Point",
        "coordinates": [
          -58.86157,
          -32.335735
        ]
      },
      "properties": {
        "name": "Ortman Glassman, Pablo Daniel",
        "description": "Pablo nació el 07 de junio de 1940 en Distrito Genacito, departamento Uruguay. Entre Ríos. \nEmpleado de la Empresa Sancor. Delegado Sindical de la obra social lechera. \nMilitante del Partido Revolucionario de los Trabajadores – Ejército Revolucionario del Pueblo (PRT-ERP). \nPablo fue detenido – desparecido el 10 de julio de 1976 en Córdoba. Sobrevivientes lo vieron en el Centro Clandestino de Detención, Tortura y Exteminio (CCDTyE) La Perla hasta el 13 de julio. Ese día aproximadamente, Pablo Daniel Ortman y Marcelo Leoninas Espeche, fueron retirados del campo de detención, para luego ser asesinados por los integrantes del Grupo de Operaciones Especiales (O.P. 3) siendo dicho proceder disimulado bajo la apariencia de un presunto enfrentamiento.\nSus restos fueron recuperados por el Equipo Argentino de Antropología Forense (EAAF) en el Cementerio de San Vicente el 28 de septiembre de 2007. Tenía 36 años.",
        "fecha": "",
        "foto": "",
        "categoria": "Personas desaparecidas",
        "_umap_options": {
          "color": "crimson",
          "iconClass": "Circle"
        }
      }
    },
    {
      "type": "Feature",
      "geometry": {
        "type": "Point",
        "coordinates": [
          -58.229942,
          -32.475302
        ]
      },
      "properties": {
        "name": "Poggio Martín, Horacio Norberto",
        "description": "Horacio nació el 22 de mayo de 1941 en Concepción del Uruguay, Entre Ríos. \nCurso sus estudios en la Escuela Normal, donde comenzó con su militancia en el Centro de Estudiantes. Su participación en la política estudiantil lo llevó a ser presidente de dicho centro, en momentos donde la educación se debatía entre “laica o libre”. \nTerminados sus estudios secundarios se muda a Santa Fe, donde comenzó la carrera de abogacía.\nSe trasladó a Córdoba con su esposa. Allí comenzó a trabajar en una fábrica de automotores y luego en el Sindicato de Luz y Fuerza.  Finalmente comenzó su tarea administrativa en el Sindicato de Prensa. \nEstaba casado y tuvo cuatro hijos Viviana, Carolina, Sebastián y Eleonora.\nHoracio fue detenido - desaparecido el 23 de julio de 1976 en momentos en que había llegado al Sindicato de Prensa con su compañera. \nSobrevivientes lo vieron en el Centro Clandestino de Detención, Tortura y Exterminio (CCDEyT) La Perla. Tenía 35 años.",
        "fecha": "",
        "foto": "",
        "categoria": "Personas desaparecidas",
        "_umap_options": {
          "color": "crimson",
          "iconClass": "Circle"
        }
      }
    },
    {
      "type": "Feature",
      "geometry": {
        "type": "Point",
        "coordinates": [
          -58.714371,
          -32.233132
        ]
      },
      "properties": {
        "name": "Preisz Meztgler, José",
        "description": "José nació el 08 de febrero de 1926 en Distrito Gena (Norte), Uruguay. Entre Ríos.\nObrero de Talleres Electrometalúrgicos Norte SA.\nJosé fue detenido – desaparecido el 11 de abril de 1978 en Artigas 1185, Chilavert. Villa Ballester, Gral. San Martín. Buenos Aires. \nTenía 52 años.",
        "fecha": "",
        "foto": "",
        "categoria": "Personas desaparecidas",
        "_umap_options": {
          "color": "crimson",
          "iconClass": "Circle"
        }
      }
    },
    {
      "type": "Feature",
      "geometry": {
        "type": "Point",
        "coordinates": [
          -58.872643,
          -32.367783
        ]
      },
      "properties": {
        "name": "Quinteros de Lescano, Ana María de las Mercedes",
        "description": "Ana “Tanny” nació el 04 de febrero de 1955 en Basavilbaso, Entre Ríos. \nCasada con Hugo Oscar Lescano con quien tenía un hijo de nombre Sebastián.\nAna María y Hugo fueron detenidos - desaparecidos el 18 de noviembre de 1976 en Calle 153 y 46, La Plata, Buenos Aires. \nAna María estaba embarazada de 9 meses.",
        "fecha": "",
        "foto": "",
        "categoria": "Personas desaparecidas",
        "_umap_options": {
          "color": "crimson",
          "iconClass": "Circle"
        }
      }
    },
    {
      "type": "Feature",
      "geometry": {
        "type": "Point",
        "coordinates": [
          -58.226681,
          -32.480949
        ]
      },
      "properties": {
        "name": "Rousseaux, Miguel Angel",
        "description": "Miguel Ángel nació el 4 de octubre de 1938 en Concepción del Uruguay, departamento Uruguay, Entre Ríos. \nObrero en la Fábrica de Alpargatas y posteriormente en la Fábrica Gillette, donde fue Delegado Gremial. \nEstaba casado y tenía tres hijos. \nMilitante del Partido Comunista (PC).\nMiguel fue detenido – desaparecido el 12 de mayo de 1976 en Serrano 924 2º \"13\", Villa Crespo. Capital Federal. Tenía 38 años.",
        "fecha": "",
        "foto": "",
        "categoria": "Personas desaparecidas",
        "_umap_options": {
          "color": "crimson",
          "iconClass": "Circle"
        }
      }
    },
    {
      "type": "Feature",
      "geometry": {
        "type": "Point",
        "coordinates": [
          -58.237495,
          -32.476026
        ]
      },
      "properties": {
        "name": "Rubio Cidale, Guillermo Pedro",
        "description": "Guillermo nació el 07 de julio de 1943 en Concepción Del Uruguay, departamento Uruguay. Entre Ríos.\nGuillermo fue detenido en su domicilio el 24 de marzo de 1976 en Gral. Paz \n1456, San Miguel de Tucumán.\nEstando detenido en el Penal de Villa Urquiza de Tucumán, fue secuestrado el \n05 de abril de 1976 junto con Guillermo Claudio Vargas Aignasse. \nTenía 33 años.",
        "fecha": "",
        "foto": "",
        "categoria": "Personas desaparecidas",
        "_umap_options": {
          "color": "crimson",
          "iconClass": "Circle"
        }
      }
    },
    {
      "type": "Feature",
      "geometry": {
        "type": "Point",
        "coordinates": [
          -58.248482,
          -32.470812
        ]
      },
      "properties": {
        "name": "Uriarte Arroyo, Juan Alberto",
        "description": "Juan nació el 14 de abril de 1948 en Concepción del Uruguay, provincia de Entre Ríos. \nCasado con Hermilinda Angélica Coronel con quien tuvo a Gustavo Daniel, Miriam Elizabet y Alejandro Gabriel. Obrero de la construcción. Delegado de la UOCRA  \nJuan Alberto fue detenido el 21 de septiembre de 1975 junto a Hermilinda Angélica Coronel en Villa Mi Barrio, Moreno. Buenos Aires.\nHermilinda Angélica Coronel fue posteriormente liberada. Juan Alberto continúa desaparecido. Tenía 26 años.",
        "fecha": "",
        "foto": "",
        "categoria": "Personas desaparecidas",
        "_umap_options": {
          "color": "crimson",
          "iconClass": "Circle"
        }
      }
    },
    {
      "type": "Feature",
      "geometry": {
        "type": "Point",
        "coordinates": [
          -58.24007,
          -32.472261
        ]
      },
      "properties": {
        "name": "Vidal Chandler, Emil Carlos",
        "description": "Carlos “Lito/Titi”,nació el 11 de diciembre de 1936 en Concepción del Uruguay, departamento Uruguay, Entre Ríos.  \nInstalado en La Matanza, provincia de Buenos Aires se ganó la vida como pintor. Emil fue uno de los baluartes de la Primera Resistencia Peronista y luego de unos acuerdos entre Gustavo Rearte y el “Che” Guevara, “Titi” Vidal recibió instrucción militar en Cuba durante 1966. Pasó por la Juventud Revolucionaria Peronista (JRP), el Movimiento Revolucionario 17 de Octubre (MR-17) y el Frente Revolucionario 17 de Octubre (FR-17).  \nEn 1973, fue elegido secretario del Consejo Deliberante del municipio matancero. \nEmil fue detenido – desaparecido el 19 de agosto de 1976 en El Zorzal y Don Bosco -Barrio San José- Lomas de Zamora. Buenos Aires, junto a sus compañeros de militancia Héctor Marghetich y Juan María Castro.  \nSobrevivientes lo vieron en el Centro Clandestino de Detención (CCD) División Cuatrerismo (Brigada \"Güemes\"). Tenía 40 años.",
        "fecha": "",
        "foto": "",
        "categoria": "Personas desaparecidas",
        "_umap_options": {
          "color": "crimson",
          "iconClass": "Circle"
        }
      }
    },
    {
      "type": "Feature",
      "geometry": {
        "type": "Point",
        "coordinates": [
          -58.882256,
          -32.371843
        ]
      },
      "properties": {
        "name": "Yacub Chervin, Mario Gerardo",
        "description": "Mario nació el 09 de julio de 1939 en Basavilbaso, Entre Ríos. \nAllí cursó sus estudios primarios, también practicó deportes como fútbol y básquet, y tomó clases de violín (las cuales cuentan que detestaba). El secundario lo cursó en el Colegio Nacional  de Concepción del Uruguay, fue internado en “La Fraternidad”, el primer  internado laico argentino. \nEstudió abogacía en la Universidad Nacional de Buenos Aires y tuvo una vida de estudiante sumamente activa, tanto con respecto a la  actividad académica  como a la de la militancia. Concurría diariamente a la facultad y estudiaba en la biblioteca y en el bar “La Perla” del barrio de Once. \nEn abril del año 1968 se casó con Lea Braslavsky y al año tuvieron a su primer hijo, Iván. Al año siguiente nació Adrián y cuatro años después Juan Pablo.\nEn 1973 Mario retorna a la Facultad como profesor de la materia “Derecho Político”. Lea describe a Mario como un hombre valiente que cuidaba a su   familia. Recuerda especialmente las interminables noches de los viernes en el bar “La Academia”, de Callao y Corrientes, donde se discutía de política, cultura, cine, literatura, teatro y jugaban al ajedrez, generala y billar. Fue un abogado prestigioso, militante comprometido, amigo, siempre preocupado y siempre dispuesto con una sonrisa para todos. Defensor de presos políticos y secretario de la Asociación Gremial de Abogados.  \nMario fue detenido – desaparecido el 08 de noviembre de 1976 en Talcahuano 638 6° F –Estudio Jurídico-, San Nicolás. Capital Federal.  Los esfuerzos de su familia para encontrarlo fueron innumerables, incluso llegaron a entrevistarse con el entonces presidente de Estados Unidos, James Carter, la semana anterior a la visita de Videla a Washington.  \nSobrevivientes lo vieron en el Centro Clandestino de Detención, Tortura y Exterminio (CCDTyE) de la Escuela Superior de Mecánica de la Armada ESMA. \nTenía 37 años.",
        "fecha": "",
        "foto": "",
        "categoria": "Personas desaparecidas",
        "_umap_options": {
          "color": "crimson",
          "iconClass": "Circle"
        }
      }
    },
    {
      "type": "Feature",
      "geometry": {
        "type": "Point",
        "coordinates": [
          -58.235435,
          -32.479791
        ]
      },
      "properties": {
        "name": "Zaragoza Cecchini, Juan Ramón",
        "description": "Juan Nació el 14 de julio de 1953, en Concepción del Uruguay, Entre Ríos.      \nHijo de Juan Ramón \"Tito\" Zaragoza y Luisa Cecchini. Juan estudió en la Escuela \"Justo José de Urquiza\". Siendo alumno de 4º Grado obtuvo el 1º Premio en los Juegos Florales por su cuento \"En el bosque\", habiendo participado de los mismos alumnos de todas las escuelas de Entre Ríos.  \nEn 1966 inició sus estudios secundarios en la Escuela Normal Mariano Moreno, en la que aprobó el ciclo básico. Luego pasó al Colegio Nacional \"Justo José de Urquiza\" donde obtuvo el título de Bachiller, figurando en el Cuadro de Honor de su promoción. Simultáneamente se recibió de Profesor Superior de Guitarra. En 1971 se trasladó a La Plata e ingresó a la Facultad de Ciencias Exactas de la Universidad Nacional de La Plata (UNLP) como alumno de la Carrera de Bioquímica. \nDurante los años de su vida universitaria se destacó como uno de los mejores alumnos de su promoción.  \nEn 1975 finalizando su carrera, llegó a presidente del Centro de Estudiantes. \nMilitante de la Federación Juvenil Comunista (FJC).  \nChilo fue secuestrado el 9 de junio de 1975 por un grupo armado perteneciente a la Asociación Anticomunista Argentina (Triple A), que lo fue a buscar a su departamento. Desde la policía se comunicaron para avisar a los familiares que lo tenían detenido. Pero cuando viajaron a La Plata, Chilo había sido encontrado muerto y con varios itakazos, en Berisso.  \nSu hermano Néstor Omar fue quien lo identificó. \nExactamente dos años después del secuestro de Chilo, su hermano Néstor, estudiante de medicina, fue detenido-desaparecido. Tenía 22 años. \nDenuncia realizada en 1997. \nLuisa Cecchini, la madre de Chilo y Neco, se integró a Madres de Plaza de Mayo La Plata y participó continuamente en las movilizaciones y reclamos.  \nTras la muerte de su marido, y luego de tantos años de lucha, falleció el 9 de junio de 2002, el mismo día y el mismo mes que había marcado dolorosamente dos veces la vida de esta madre.",
        "fecha": "",
        "foto": "",
        "categoria": "Personas desaparecidas",
        "_umap_options": {
          "color": "crimson",
          "iconClass": "Circle"
        }
      }
    },
    {
      "type": "Feature",
      "geometry": {
        "type": "Point",
        "coordinates": [
          -58.230629,
          -32.479212
        ]
      },
      "properties": {
        "name": "Zaragoza Cecchini, Nestor Omar",
        "description": "Nestor Nació el 24 de junio de 1955 en Concepción del Uruguay, Entre Ríos.   \nHijo de Juan Ramón \"Tito\" Zaragoza y Luisa Cecchini. \nNéstor estudiaba Medicina en la Universidad Nacional de La Plata (UNLP) y era miembro del Centro de Estudiantes de Medicina.  \nEl 9 de junio de 1977, al cumplirse el segundo aniversario del asesinato de su hermano, Neco fue secuestrado en La Plata. En esos días siete u ocho estudiantes de medicina fueron detenidos-desaparecidos en La Plata, incluyendo a Neco y los 3 compañeros con los que compartía el departamento donde vivía en la calle 35 N°161, José Luis Suárez, Luis Dimattia y Juan José Riqueza. El operativo de secuestro fue conducido por las fuerzas conjuntas de la policía y el ejército e incluyó robos en la vivienda.  \nSobrevivientes lo vieron en los Centros Clandestinos de Detención (CCD) Brigada de Investigaciones de la Plata, Comisaría 5º y La Cacha en septiembre de 1977. Tenía 21 años.   \nEn homenaje a su lucha el departamento de Ciencias Biológicas de la Facultad \nde Ciencias Exactas puso su nombre a un aula del primer piso del edificio de Química. \nLuisa Cecchini, la madre de Chilo y Neco, se integró a Madres de Plaza de Mayo La Plata y participó continuamente en las movilizaciones y reclamos.  \nTras la muerte de su marido, y luego de tantos años de lucha, falleció el 9 de junio de 2002, el mismo día y el mismo mes que había marcado dolorosamente dos veces la vida de esta madre.",
        "fecha": "",
        "foto": "",
        "categoria": "Personas desaparecidas",
        "_umap_options": {
          "color": "crimson",
          "iconClass": "Circle"
        }
      }
    },
    {
      "type": "Feature",
      "geometry": {
        "type": "Point",
        "coordinates": [
          -58.769646,
          -30.386159
        ]
      },
      "properties": {
        "name": " LÓPEZ BREST, Carlos ",
        "description": "Nació el 02/02/1949 en San José de Feliciano. \nFue secuestrado el 02/04/1977 en domicilio en Barrio el Ombú, Plátanos,  Berazategui, Buenos Aires.\nEl 22/04/1977 fue asesinado en la vía pública junto a otras 4 personas (vict. hecho 5), en calle Yerbal  y 14 de Julio, San José, Lomas de Zamora, Buenos Aires.\nTenía 28 años.\nSe supone que estuvo en el CDD “El Vesubio” y “El Banco”.\nAños anteriores, había sido uno de los impulsores del Partido Peronista Auténtico. \nSus restos fueron exhumados e identificados en el 2012. Estos se encontraban en el Cementerio Municipal de Lomas de Zamora. \nEra obrero en la Curtiembre en Barracas Hart y delegado sindical (Capital Federal).\nMilitaba en montoneros y en la Juventud Peronista. \nSe había convertido en un referente del barrio “El Ombú”. \nTenía dos hijos y estaba casado.",
        "fecha": "",
        "foto": "",
        "categoria": "Personas desaparecidas",
        "_umap_options": {
          "color": "crimson",
          "iconClass": "Circle"
        }
      }
    },
    {
      "type": "Feature",
      "geometry": {
        "type": "Point",
        "coordinates": [
          -58.764153,
          -30.393263
        ]
      },
      "properties": {
        "name": " MACARI DUTRA, Roque Raúl",
        "description": "Nació el 17 de junio de 1949 en San José de Feliciano, Feliciano. Entre Ríos.\nRoque fue detenido – desaparecido el 19 de enero de 1978 en Llavallol, Lomas de Zamora. Buenos Aires. \nEx Seminarista y Empleado en Fábrica Osram.\nDelegado Amat, Comisión De Reclamo.\nTenía 28 años.",
        "fecha": "",
        "foto": "",
        "categoria": "Personas desaparecidas",
        "_umap_options": {
          "color": "crimson",
          "iconClass": "Circle"
        }
      }
    },
    {
      "type": "Feature",
      "geometry": {
        "type": "Point",
        "coordinates": [
          -58.751621,
          -30.37942
        ]
      },
      "properties": {
        "name": "BURNS VILLALBA, Delia Estela ",
        "description": "Nació el 24 de septiembre de 1946 en San José Feliciano, Feliciano. Entre Ríos. Realizó el secundario en Córdoba en el Instituto Inmaculada Concepción egresando con el título de maestra normal.\nEstudió medicina en la Universidad Nacional de Córdoba (UNC). Era médica cirujana en el Hospital Rawson de la capital cordobesa y desarrollaba actividades gremiales.\nDelia fue secuestrada el 19 de septiembre de 1975 junto a su esposo José Alberto Scabuzzo Zurita en Avenida Cornelio Saavedra S/Nº ·Córdoba, por el Comando Libertadores de América.\nSus cuerpos fueron encontrados ese mismo día en el río Suquía a la altura de la\nCentral San Roque, camino a La Calera.\nSus restos fueron recuperados por su familia. Tenía 28 años.",
        "fecha": "",
        "foto": "",
        "categoria": "Personas desaparecidas",
        "_umap_options": {
          "color": "crimson",
          "iconClass": "Circle"
        }
      }
    },
    {
      "type": "Feature",
      "geometry": {
        "type": "Point",
        "coordinates": [
          -58.758488,
          -30.380604
        ]
      },
      "properties": {
        "name": "FERNÁNDEZ PEREYRA, Juan Carlos",
        "description": "“Guarincho” nació el 01 de junio de 1940 en el Departamento Feliciano, Entre Ríos. Hijo de Laurentino Fernández y Úrsula Pereyra. Hermano de Úrsula Fernández. Estaba en pareja con Emilia Maldonado, con quien tuvo dos hijxs. Era obrero de la construcción y trabajaba como albañil. militaba en la organización peronista Frente Revolucionario “17 de Octubre” (FR-17). Fue delegado fabril. Vivía en el barrio Vucetich, localidad de José C. Paz, provincia de Buenos Aires. Juan Carlos fue detenido – desaparecido el 26 de octubre de 1977 en Barrio Vucetich, José C. Paz (Ex Gral. Sarmiento), Buenos Aires, junto a su compañera de militancia Mirta Gonzalez. Tenía 37 años Sobrevivientes lo vieron en los Centros Clandestinos de Detención, Tortura y Exterminio (CCDTyE) Club Atlético, El Banco, Olimpo. Denuncia realizada en 1984 Caso incluido en causa judicial en la que se investigaron, probaron y condenaron delitos de lesa humanidad.",
        "fecha": "",
        "foto": "",
        "categoria": "Personas desaparecidas",
        "_umap_options": {
          "color": "crimson",
          "iconClass": "Circle"
        }
      }
    },
    {
      "type": "Feature",
      "geometry": {
        "type": "Point",
        "coordinates": [
          -58.543739,
          -30.640857
        ]
      },
      "properties": {
        "name": "GARCIA CANO, Domingo Hermelindo",
        "description": "“Coco” nació el 03 de agosto de 1928 en Atencio, Feliciano. Entre Ríos. Casado con Zulma Trinidad Juárez, Obrero textil. Militante del Partido Peronista Auténtico Domingo fue detenido – desaparecido el 24 de agosto de 1976 en 25 de Mayo 1.931 Gral. San Martín, Buenos Aires. Tenía 48 años.",
        "fecha": "",
        "foto": "",
        "categoria": "Personas desaparecidas",
        "_umap_options": {
          "color": "crimson",
          "iconClass": "Circle"
        }
      }
    },
    {
      "type": "Feature",
      "geometry": {
        "type": "Point",
        "coordinates": [
          -58.745613,
          -30.380362
        ]
      },
      "properties": {
        "name": "JUÁREZ NIXON LEITES, Carlos Héctor",
        "description": "Nació el 10 de junio de 1959 en San José de Feliciano, Entre Ríos.\nCarlos fue detenido – desaparecido el 27 de marzo de 1977 en Escuela de Infantería de Marina (E.S.I.M.) Punta Mogotes, Mar del Plata. General Pueyrredon, Buenos Aires. Tenía 17 años.",
        "fecha": "",
        "foto": "",
        "categoria": "Personas desaparecidas",
        "_umap_options": {
          "color": "crimson",
          "iconClass": "Circle"
        }
      }
    },
    {
      "type": "Feature",
      "geometry": {
        "type": "Point",
        "coordinates": [
          -58.754539,
          -30.393855
        ]
      },
      "properties": {
        "name": "MÁRMOL MORENO, Jorge Horacio ",
        "description": "Nació el 22/06/1945 en San José Feliciano. \nCursó el secundario en la Escuela Nacional Normal de esa localidad, egresando en 1964 con el título de maestro normal. \nAl año siguiente en 1965, ingresó en la carrera de Medicina en la Universidad Nacional de Córdoba (UNC), abandonó y en 1969 se reinscribió, llegando a cursar hasta 1974\nMilitaba en el Partido Revolucionario de los Trabajadores - Ejército Revolucionario del Pueblo (PRT-ERP).\nFue asesinado en su domicilio el 20/08/1975 en Córdoba Capital. \nTenía 30 años.\nSu cuerpo fue restituido",
        "fecha": "",
        "foto": "",
        "categoria": "Personas desaparecidas",
        "_umap_options": {
          "color": "crimson",
          "iconClass": "Circle"
        }
      }
    },
    {
      "type": "Feature",
      "geometry": {
        "type": "Point",
        "coordinates": [
          -58.767586,
          -30.401254
        ]
      },
      "properties": {
        "name": "PEREZ RODRIGUEZ, Neris Victoriano",
        "description": "NERIS VICTORIANO nació el 25 de febrero de 1938 en San José de Feliciano, Entre Ríos. \nTractorista. Trabajaba en “Las Marías” desde 1968. Casado con Ramona Sánchez. Un hijo Jorge Catalino.\nMilitante del Sindicato de Trabajadores de la Industria de la Alimentación (STIA) y Secretario adjunto de la Federación Argentina de Trabajadores Rurales y Estibadores (FATRE).\nComo dirigente gremial peronista enfrentó la prepotencia patronal defendiendo  a sus compañeros de trabajo; molineros, choferes y tractoristas. \nFue uno de los propulsores de la huelga general del 25 de junio de 1975, en \npleno “Rodrigazo”, que duró 48 horas y tuvo un acatamiento masivo de los \ntrabajadores en pos de mejoras salariales y de condiciones de trabajo.\nEl STIA y FATRE habían surgido a mediados de la década de 1970 y fueron el punto de organización de los trabajadores. En el marco de los reclamos contra las situaciones de explotación, meses antes del golpe de Estado de marzo de 1976 hicieron un paro de tres días, con marchas y cortes que los pusieron en el blanco de la empresa. Fueron denunciados por sabotaje en el marco de “actividades subversivas”, y una vez consumada la dictadura fueron siendo secuestrados varios dirigentes entre abril de 1976 y julio de 1977. \nNeris fue detenido – desaparecido el 02 de junio de 1977 en Manuel Ocampo  s/nº casa 117 -Barrio CEPAC- Gobernador Virasoro, Santo Tomé. Corrientes. Tenía 38 años.",
        "fecha": "",
        "foto": "",
        "categoria": "Personas desaparecidas",
        "_umap_options": {
          "color": "crimson",
          "iconClass": "Circle"
        }
      }
    },
    {
      "type": "Feature",
      "geometry": {
        "type": "Point",
        "coordinates": [
          -60.642128,
          -32.064965
        ]
      },
      "properties": {
        "name": " BRAVO ERBES, Fernando Omar",
        "description": "“Perro/ Babacha” BRAVO ERBES nació el 24 de marzo de 1946 en Diamante, Entre Ríos. Omar estaba en pareja con María Irma Ferreyra, con quien tenía un hijo llamado Martín. Y Leandro, hijo de otra compañera. Omar y María Irma militaban en Montoneros.\nAmbos fueron asesinados el 7 de enero de 1977 en calle Cullen 1.617, Rosario, Santa Fe. Sus restos fueron recuperados por su familia y se encuentran en el Cementerio\nde Diamante. Tenía 30 años.\nINHUMACIÓN FAMILIA / Identificación DACTILOSCÓPICA.",
        "fecha": "",
        "foto": "",
        "categoria": "Personas desaparecidas",
        "_umap_options": {
          "color": "crimson",
          "iconClass": "Circle"
        }
      }
    },
    {
      "type": "Feature",
      "geometry": {
        "type": "Point",
        "coordinates": [
          -60.640583,
          -32.06889
        ]
      },
      "properties": {
        "name": " DONDA TIGEL, José María Laureano ",
        "description": "“El cabo/ El Pato/ Jorge” Nació el 3 de mayo de 1955 en Diamante, Entre Ríos. 65 Ex alumno del Liceo Naval, participó de la formación de una organización peronista dentro del Liceo y fue parte de la Unión de Estudiantes Secundarios (UES). Estudiante de la Facultad de Filosofía y Letras de la Universidad Nacional de Buenos Aires (UBA). Casado con María Hilda Pérez con quien tuvo a su hija Daniela, nacida en 1976. Militante de Montoneros. José fue detenido – desaparecido entre abril y mayo de 1977 en Moron/Castelar, Morón. Buenos Aires. Sobrevivientes lo vieron en el Centro Clandestino de Detención (CCD) Comisaría 3º de Morón.\nMaría Hilda Pérez fue secuestrada el 28 de marzo de 1977 en la vía pública. Permaneció detenida en el Centro Clandestino de Detención (CCD) de la Comisaría 3ra. de Castelar hasta mayo de 1977, fecha en que fue traslada al Centro Clandestino de Detención, Tortura y Exterminio (CCDTyE) de la ESMA. Allí, en el mes de agosto, dio a luz a una hija a la cual le agujereo la oreja colocándole un hilo azul para identificarla. Victoria Donda Pérez, quien fue apropiada por un represor, recuperó su identidad en octubre de 2004.",
        "fecha": "",
        "foto": "",
        "categoria": "Personas desaparecidas",
        "_umap_options": {
          "color": "crimson",
          "iconClass": "Circle"
        }
      }
    },
    {
      "type": "Feature",
      "geometry": {
        "type": "Point",
        "coordinates": [
          -60.485229,
          -32.333445
        ]
      },
      "properties": {
        "name": " MÉNDEZ, Ruperto “Chato”, “Pedro”, “Tito”",
        "description": "Nació el 27/06/1945 en Las Cuevas, Diamante.\n\nObrero Electricista en Fiplasto Sa, Ramallo.\nMilitaba en el Partido Revolucionario de los Trabajadores (PRT) y era Militante sindical.\nDurante los años 70 fundó junto a otros obreros la Agrupación El Sentir de los Trabajadores de Fiplasto.\nFue asesinado el 23/ 03/ 1976 en una reunión política del Comité Central del PRT, junto a 8 compañeros (9 vict. hecho), en Av. Monsegur 1862 y La Patria, Quinta \"La Pastoril\", La Reja, Monero, Buenos Aires.\nEn el cementerio municipal de Moreno sus restos fueron enterrados como NN en abril de 1976, siendo exhumados en 1983. Desde 1999 se encontraban en el laboratorio del Equipo Argentino de Antropología Forense, pero no se disponía de muestras genéticas para hacer la identificación. \nLa restitución del cuerpo fue en 2012.\nTenía 31 años.",
        "fecha": "",
        "foto": "",
        "categoria": "Personas desaparecidas",
        "_umap_options": {
          "color": "crimson",
          "iconClass": "Circle"
        }
      }
    },
    {
      "type": "Feature",
      "geometry": {
        "type": "Point",
        "coordinates": [
          -60.591059,
          -31.89008
        ]
      },
      "properties": {
        "name": " MOCARBEL RUHL, Aníbal Artemio",
        "description": "ANIBAL ARTEMIO nació el 4 de noviembre de 1948 Aldea Brasilera, Departamento Diamante, Entre Ríos. \nLlegó a Rosario a mediados de la década del 60 para estudiar Arquitectura en la Universidad Nacional de Rosario (UNR) mientras trabajaba como carpintero.\nMilitó en el grupo Acción Católica y luego se integró a la Unión de Estudiantes \ndel Litoral donde fue uno de los responsables de introducir el peronismo en la \nuniversidad.\nParticipó de la organización del Rosariazo y a principios de los setenta se sumó \nal denominado Peronismo de Base (PB), y luego fue uno de los fundadores de las Fuerzas Armadas Revolucionarias (FAR).\nCasado con María Luisa Rubinelli. Militante de la Juventud Universitaria Peronista (JUP) y de las Fuerzas Armadas Revolucionarias (FAR).\nAníbal y María Luisa fueron detenidos – desaparecidos el 28 de febrero de 1977 en calle Ituzaingo 71 Dto. B, Rosario. Santa Fe.  María Luisa fue liberada un mes después.\nSobrevivientes lo vieron en el Centro Clandestino de Detención, Tortura y Exterminio (CCDTyE) La Calamita. Tenía 28 años.\nEl Equipo Argentino de Antropología Forense (EAAF) exhumó e identificó sus \nrestos en el Cementerio de la Piedad, Rosario.",
        "fecha": "",
        "foto": "",
        "categoria": "Personas desaparecidas",
        "_umap_options": {
          "color": "crimson",
          "iconClass": "Circle"
        }
      }
    },
    {
      "type": "Feature",
      "geometry": {
        "type": "Point",
        "coordinates": [
          -60.564022,
          -32.027208
        ]
      },
      "properties": {
        "name": " MULLER, Carlos Ricardo ",
        "description": "CARLOS RICARDO nació el 17 de enero de 1945 en Aldea Protestante, Diamante. Entre Ríos.\nMilitante del Partido Revolucionario de los Trabajadores – Ejército Revolucionario del Pueblo (PRT-ERP)\nCarlos fue asesinado el 11 de octubre de 1975 en la \"Masacre de Carrizales\", Cañada de Carrizales -a orillas de Arroyo Monje – entre Díaz y Clarke, Carrizales (Clarke). Iriondo, Santa Fe, junto a Eduardo Mario Favario, Paula Lorenza Galarza, Susana del Carmen Giacche, Santiago Hernan Krasuk (también Entrerriano), Amílcar Eduardo López, Mario Eduardo Russo, Sergio Efraín Schneider. \nTenía 30 años \nDenuncia realizada en 2013.",
        "fecha": "",
        "foto": "",
        "categoria": "Personas desaparecidas",
        "_umap_options": {
          "color": "crimson",
          "iconClass": "Circle"
        }
      }
    },
    {
      "type": "Feature",
      "geometry": {
        "type": "Point",
        "coordinates": [
          -60.637665,
          -32.065401
        ]
      },
      "properties": {
        "name": "CAPELLA RENDOS, Óscar Daniel",
        "description": "“Loby y/o Foca” “Esteban Ledesma” CAPELLA RENDOS, nació el 21 de junio de 1947 en Diamante, Entre Ríos.\nEstudiante de Ciencias Económicas de la Universidad Nacional del Litoral (UNL).\nFue coordinador por Entre Ríos, de la Dirección Nacional de Educación de Adultos\n(DINEA). Alfabetizador en Campaña de Reactivación Educativa del Adulto para la Reconstrucción (CREAR).\nCasado con Ana María Gurmendi. Militante de Montoneros.\nOscar fue detenido - desaparecido el 15 de agosto de 1977 en Pje. de Pinedo\n1714 · Barrio Industrial Rosario, Santa Fe.\nSobrevivientes lo vieron en el Centro Clandestino de Detención (CCD) Quinta de\nFunes. Su esposa Ana María Gurmendi también fue secuestrada. Tenía 30 años.",
        "fecha": "",
        "foto": "",
        "categoria": "Personas desaparecidas",
        "_umap_options": {
          "color": "crimson",
          "iconClass": "Circle"
        }
      }
    },
    {
      "type": "Feature",
      "geometry": {
        "type": "Point",
        "coordinates": [
          -60.409441,
          -31.983401
        ]
      },
      "properties": {
        "name": "FONTANA de LA BLUNDA, MABEL LUCÍA",
        "description": "“Kuki, Flaca, Ana María Moscato, Julia” nació el 21 de septiembre de 1945 en Estación General Racedo, Diamante, Entre Ríos. Mabel vivió toda su infancia y adolescencia en la ciudad de Crespo Egresó de la Facultad de Ciencias de la Educación de la Universidad Nacional de Entre Ríos (UNER) con el título de Profesora de Enseñanza Media en Ciencias de la Educación (1970) e inmediatamente comenzó a ejercer como docente en Crespo, en el colegio privado “La Sierva del Espíritu Santo”. Luego logró la Licenciatura en Ciencias de la Educación (1972). Su militancia gremial estaba asociada a la labor que desarrollaba en la Asociación Gremial del Magisterio de Entre Ríos (AGMER). Militante de Juventud Universitaria Peronista (JUP) y de Montoneros. Se casó con Pedro La Blunda, a quien conoció en la clandestinidad, y con quien tuvo un hijo llamado Andrés. Mabel y Pedro fueron detenidos - desaparecidos el 20 de abril de 1977 en Constitución 1.274 Dto. 9 A, San Fernando. Buenos Aires, pudiendo dejar a su hijo, quién todavía era un bebe, con unos vecinos Sobrevivientes la vieron en el Centro Clandestino de Detención, Tortura y Exterminio (CCDTyE) El Campito - Guarnición Militar de Campo De Mayo. Tenía 31 años. Su hijo Andrés recuperó su identidad en 1984.",
        "fecha": "",
        "foto": "",
        "categoria": "Personas desaparecidas",
        "_umap_options": {
          "color": "crimson",
          "iconClass": "Circle"
        }
      }
    },
    {
      "type": "Feature",
      "geometry": {
        "type": "Point",
        "coordinates": [
          -60.19804,
          -32.177651
        ]
      },
      "properties": {
        "name": "GASSMANN GOTTIG, Alcides Norberto",
        "description": "“Gringo”  nació el 23 de mayo de 1952 en Ramírez, Entre Ríos. Hizo la primaria en el Colegio Católico Stella Maris cerca de la ciudad de Diamante. El secundario lo cursó como seminarista en un colegio ubicado en la ciudad de Esperanza, provincia de Santa Fe. Casado con Beatriz Poi. Una hija. Estudiante de la Universidad Católica de Santa Fe. Militante de la Juventud Peronista (JP). Alcides fue detenido – desaparecido el 06 de agosto de 1976 en Rosario, Santa Fe. El 20 de agosto de 1976 se recuperaron sus restos de aguas del río Carcarañá, a 6 km de Timbúes, y fue enterrado como NN en el cementerio de Timbúes. Identificado por el Equipo Argentino de Antropología Forense (EAAF) en 2011. Sus restos se encuentran en el Cementerio de Crespo. Tenía 24 años.",
        "fecha": "",
        "foto": "",
        "categoria": "Personas desaparecidas",
        "_umap_options": {
          "color": "crimson",
          "iconClass": "Circle"
        }
      }
    },
    {
      "type": "Feature",
      "geometry": {
        "type": "Point",
        "coordinates": [
          -60.201387,
          -32.179537
        ]
      },
      "properties": {
        "name": "LUNA, José Abelardo \"pety\"",
        "description": "Nació el 30/10/1942 en General Ramírez.\nProgramador en Ibm / Bienestar Social\nEx Miembro de la Fuerza Aérea\nMilitaba en montoneros.\nFue secuestrado junto a su esposa, Ibarra Cecilia Monica, en su domicilio ubicado en Banfield, Lomas de Zamora, Buenos Aires. \nAmbos eran militantes peronistas montoneros de la Secretaría Militar de la Columna Sur. Luna e Ibarra trataron de ganar los fondos de la vivienda, pero fueron heridos en sus miembros inferiores y capturados con vida y más tarde asesinados.\nJosé fue visto en el CCD “Olimpo”.\nTenía 36 años.",
        "fecha": "",
        "foto": "",
        "categoria": "Personas desaparecidas",
        "_umap_options": {
          "color": "crimson",
          "iconClass": "Circle"
        }
      }
    },
    {
      "type": "Feature",
      "geometry": {
        "type": "Point",
        "coordinates": [
          -60.635777,
          -32.068577
        ]
      },
      "properties": {
        "name": "RETAMAR RODRÍGUEZ, Héctor Pedro",
        "description": "HÉCTOR PEDRO “Norberto/Tío” nació el 1 de mayo de 1938 en Diamante Entre Ríos. \nTenía dos hijos, Héctor Daniel y Horacio.\nMecánico Caldero en Frigorífico.\nComenzó a militar en la Juventud Peronista (JP) de Berisso, y luego pasó a la columna de La Plata, para luego trasladarse a militar a Villa Constitución, tras el Villazo.\nMilitante de Montoneros.\nHéctor fue detenido – desaparecido el 21 de mayo de 1977 en Av. Godoy al 5200, Rosario. Santa Fe. (Comunicado del cuerpo de ejército II lo da falsamente como \"abatido\" en este hecho -probado en causa judicial su asesinato en Cautiverio en marzo de 1978-)\nSobrevivientes lo vieron en los Centros Clandestinos de Detención, Tortura y Exterminio (CCDTyE) La Calamita, Quinta de Funes, Escuela \"Osvaldo Magnasco y La Intermedia. \nTenía 39 años.",
        "fecha": "",
        "foto": "",
        "categoria": "Personas desaparecidas",
        "_umap_options": {
          "color": "crimson",
          "iconClass": "Circle"
        }
      }
    },
    {
      "type": "Feature",
      "geometry": {
        "type": "Point",
        "coordinates": [
          -60.197096,
          -32.179656
        ]
      },
      "properties": {
        "name": "RODRÍGUEZ MENDIETA, Juan Ventura",
        "description": "JUAN nació el 14 de julio de 1924 en Gral. Ramírez, Diamante. Entre Ríos.\nEl 16 de septiembre de 1977 fuerzas represivas cercaron la casa donde vivía la \nfamilia Rodríguez y hubo tiroteo, en el operativo asesinaron a Juan Ventura Rodríguez y Elda “Fanny” Rodríguez, en su intento de resistir el secuestro de su hijo Enrique Ricardo “Pluma” Rodríguez y de su compañero Ricardo “Polenta” Pérez y, secuestrados y desaparecidos ese mismo día en Hurlingham, provincia de Buenos Aires. \nTenía 53 años.",
        "fecha": "",
        "foto": "",
        "categoria": "Personas desaparecidas",
        "_umap_options": {
          "color": "crimson",
          "iconClass": "Circle"
        }
      }
    },
    {
      "type": "Feature",
      "geometry": {
        "type": "Point",
        "coordinates": [
          -60.645733,
          -32.072661
        ]
      },
      "properties": {
        "name": "SADE EL JURI NAPUT, Leila Belkys ",
        "description": "Nació el 24 de noviembre de 1935 en Diamante, Entre Ríos. \nTenía 41 años. Casada. ocupación: psicóloga. Apodo:Belkie\nMilitaba en el Partido Revolucionario de los Trabajadores. Leila fue detenida – desaparecida el 17 de julio de 1977 en Costanera Norte -ómnibus Microempresa \"Pluna\"- trayecto Buenos Aires - Rio de Janeiro, Capital Federal \nSobrevivientes la vieron en el Centro Clandestino de Detención, Tortura y Exterminio (CCDTyE) Club Atlético. Tenía 41 años.",
        "fecha": "",
        "foto": "",
        "categoria": "Personas desaparecidas",
        "_umap_options": {
          "color": "crimson",
          "iconClass": "Circle"
        }
      }
    },
    {
      "type": "Feature",
      "geometry": {
        "type": "Point",
        "coordinates": [
          -60.639725,
          -32.073657
        ]
      },
      "properties": {
        "name": "TOSSETTI JÁUREGUI, Ana María",
        "description": "Nació el 24 de enero de 1946 en Diamante, Entre Ríos.  \nDocente. \nTrabajaba como empleada en la biblioteca del Congreso de la Nación. Ana María fue detenida – desaparecida el 27 de agosto de 1977 en Unquillo,  Córdoba. Tenía 31 años.",
        "fecha": "",
        "foto": "",
        "categoria": "Personas desaparecidas",
        "_umap_options": {
          "color": "crimson",
          "iconClass": "Circle"
        }
      }
    },
    {
      "type": "Feature",
      "geometry": {
        "type": "Point",
        "coordinates": [
          -60.636978,
          -32.073657
        ]
      },
      "properties": {
        "name": "TOSSETTI JÁUREGUI, Miguel Ángel “Cángel”. “Leopoldo”",
        "description": "Nació el 3 de marzo de 1947 en Diamante, Entre Ríos.  \nEscribano.  \nCasado con Marta María Forestello con quien tenía una hija llamada Victoria.  \nMilitante de Montoneros.  \nMiguel fue detenido – desaparecido en septiembre de 1977 en calle Rueda 5.545, Rosario. Santa Fe.  \nSobrevivientes lo vieron en los Centros Clandestinos de Detención, Tortura y Exterminio (CCDTyE) La Calamita, Quinta De Funes, Escuela \"Osvaldo Magnasco\", La Intermedia. Su compañera Marta María Forestello, fue detenida – desaparecida el 19 de agosto de 1977. Tenía 30 años.",
        "fecha": "",
        "foto": "",
        "categoria": "Personas desaparecidas",
        "_umap_options": {
          "color": "crimson",
          "iconClass": "Circle"
        }
      }
    },
    {
      "type": "Feature",
      "geometry": {
        "type": "Point",
        "coordinates": [
          -60.575266,
          -31.863622
        ]
      },
      "properties": {
        "name": "WOLLERT HUBER, Silvia Haydeé",
        "description": "Nació el 11 de octubre de 1955 en Colonia Ensayo, Diamante. Entre Ríos.  Estudiante de la carrera de Asistente Social de la Facultad de Trabajo Social \nde la Universidad Nacional de Entre Ríos (UNER). Administrativa en la Asociación de Docentes Argentinos (ADA).   \nSilvia fue asesinada el 24 marzo de 1977 en calle Javier de la Rosa y Güemes, Barrio Guadalupe. Santa Fe, junto a Norma Esther Meurzet y José Luis Gómez. \nEse mismo día se publicó una noticia en el diario El Litoral diciendo que ella, junto a José Luis Gómez y Norma Meurzet habían muerto en un enfrentamiento en Santa Fé.  \nLos cadáveres fueron enviados al Policlínico Ferroviario. Estuvieron en la morgue durante una semana y luego fueron enterrados como NN en el Cementerio Municipal.   \nSus restos fueron recuperados por el Equipo Argentino de Arqueología Forense (EAAF) en agosto de 1999 e inhumados en el Cementerio de Oro Verde. Tenía 21 años. \nDenuncia realizada en 1984.",
        "fecha": "",
        "foto": "",
        "categoria": "Personas desaparecidas",
        "_umap_options": {
          "color": "crimson",
          "iconClass": "Circle"
        }
      }
    },
    {
      "type": "Feature",
      "geometry": {
        "type": "Point",
        "coordinates": [
          -59.952221,
          -31.189886
        ]
      },
      "properties": {
        "name": " FERNÁNDEZ ORTIZ, Angélica Encarnación",
        "description": "Nació el 25 de abril de 1942 en Piedras Blancas, La Paz. Entre Ríos. Angélica fue detenida – desaparecida el 03 de febrero de 1977 en Intendente Moro S/Nº, Campana. Buenos Aires junto a su hija, Silvia Altamirano. Tenía 34 años.",
        "fecha": "",
        "foto": "",
        "categoria": "Personas desaparecidas",
        "_umap_options": {
          "color": "crimson",
          "iconClass": "Circle"
        }
      }
    },
    {
      "type": "Feature",
      "geometry": {
        "type": "Point",
        "coordinates": [
          -59.572678,
          -31.450724
        ]
      },
      "properties": {
        "name": "ARAUJO MOYANO, Rubén Benjamín",
        "description": "Nació el 19 de febrero de 1943 en Alcaraz Segundo, La Paz. Entre Ríos. Casado con Marisa Bordini, desaparecida. Visitador Médico del Laboratorio Roemmers.\nEstudiante de la Facultad de Filosofía y Letras de la Universidad Nacional de Buenos Aires (UBA). Activo dirigente gremial del Sindicato de Visitadores Médicos de Capital Federal y militante del Frente Revolucionario “17 de octubre” (FR-17).\nRubén fue detenido – desaparecido el 22 de diciembre de 1976 en su domicilio en calle Pepiri 673 PB, Parque Patricios. Pompeya. Capital Federal.\nSobrevivientes lo vieron en el Centro Clandestino de Detención, Tortura y Exterminio (CCDTyE) División Cuatrerismo (Brigada &quot;Güemes”). Tenía 33 años.",
        "fecha": "",
        "foto": "",
        "categoria": "Personas desaparecidas",
        "_umap_options": {
          "color": "crimson",
          "iconClass": "Circle"
        }
      }
    },
    {
      "type": "Feature",
      "geometry": {
        "type": "Point",
        "coordinates": [
          -59.346771,
          -31.323054
        ]
      },
      "properties": {
        "name": "EHRENFELD LENKIEWICZ, Claudio ",
        "description": "“Tito/ El Ruso” nació el 21 de junio de 1948 en Alcaraz Primero, La Paz. Entre Ríos. Cursó el secundario en el Liceo Militar “General Paz” de Córdoba, egresando en 1964 con el título de bachiller. A partir de 1966 se sumó a las luchas contra la dictadura de Onganía. Estudiante de Ciencias Económicas en la Universidad Católica de Córdoba (UCC) En 1969 fue el presidente de la Federación de Asociaciones Estudiantiles de la Universidad Católica de Córdoba (FAEUCC). Licenciado en administración de Empresas. Separado, un hijo. Militante de la Agrupación de Estudios Sociales (AES) de la Universidad Católica de Córdoba. Referente y presidente en el centro de estudiantes de ahí (FAEUCC). Militante de la columna Sabino Navarro. Claudio fue detenido – Desaparecido el 29 de octubre de 1976 en Calle 17 e/526 y 527 Tolosa, La Plata, Buenos Aires. Tenía 28 años.",
        "fecha": "",
        "foto": "",
        "categoria": "Personas desaparecidas",
        "_umap_options": {
          "color": "crimson",
          "iconClass": "Circle"
        }
      }
    },
    {
      "type": "Feature",
      "geometry": {
        "type": "Point",
        "coordinates": [
          -59.451141,
          -31.337173
        ]
      },
      "properties": {
        "name": "GIMÉNEZ, Tránsito",
        "description": "Nació el 18 de agosto de 1928 en Bovril, La Paz. Entre Ríos. Empleado de la Empresa Nacional de Correo y Telégrafo (Encotel). Transito fue detenido – desaparecido el 06 de abril 1976 en Rincón 750, Balvanera, Capital Federal junto a Julio Antonio Altamirano. Asesinado el 10 de abril de 1976, en la Ruta Nacional 197, Loteo \"Merinyr\", Cuartel V, Moreno, Provincia de Buenos Aires junto a Agustín Hilario Ulrich (nacido en Paraná, Entre Ríos), Juan Carlos Barrera (delegado de Encotel), Julio Antonio Altamirano y María Celina Blanca Martelli. Sus restos fueron identificados por el Equipo Argentino de Antropología Forense (EAAF) en 2010 y exhumados en el Cementerio de Moreno, Buenos. Aires. Tenía 47 años. \nExhumados e identificados sus restos por resolución de la Cámara Nacional de Apelaciones en lo Criminal y correccional Federal de la Capital Federal.",
        "fecha": "",
        "foto": "",
        "categoria": "Personas desaparecidas",
        "_umap_options": {
          "color": "crimson",
          "iconClass": "Circle"
        }
      }
    },
    {
      "type": "Feature",
      "geometry": {
        "type": "Point",
        "coordinates": [
          -59.790001,
          -30.941106
        ]
      },
      "properties": {
        "name": "GUASTAVINO CASCO, Manuel Ernesto “Tano Nino” ",
        "description": "Nació el 27/06/1947 en Santa Elena.\n15/10/1976 Desaparición Forzada a los 29 años. Palermo. Capital Federal. \nSecuestro operativo ilegal de detención. \nEmpleado y Portero en Pizzeria La Continental, Belgrano y Entre Ríos, junto a su tío.\nCasado. Un hijo.",
        "fecha": "",
        "foto": "",
        "categoria": "Personas desaparecidas",
        "_umap_options": {
          "color": "crimson",
          "iconClass": "Circle"
        }
      }
    },
    {
      "type": "Feature",
      "geometry": {
        "type": "Point",
        "coordinates": [
          -59.639282,
          -30.747736
        ]
      },
      "properties": {
        "name": "LEGUIZAMON RÍOS, MIGUEL ÁNGEL “Sapo”",
        "description": "Nació el 06/09/1948 en La Paz. \nObrero en fábrica textil.\nMilitante peronista.\nMiguel fue detenido – desaparecido el 17 de octubre de 1976 en Avenida Castañares 5867 -Fábrica textil- Villa Lugano. Capital Federal. Tenía 28 años.\nDenuncia realizada en 1984.",
        "fecha": "",
        "foto": "",
        "categoria": "Personas desaparecidas",
        "_umap_options": {
          "color": "crimson",
          "iconClass": "Circle"
        }
      }
    },
    {
      "type": "Feature",
      "geometry": {
        "type": "Point",
        "coordinates": [
          -59.646492,
          -30.747413
        ]
      },
      "properties": {
        "name": "LENCINAS, Hugo Rubén",
        "description": "Nació el 22/09/1959 en La Paz.\nFue detenido-desaparecido el 05/06/1977 a las 10hs. en la vía pública, en el trayecto entre San Nicolás y Capital Federal.\nTenía 17 años. Estudiante secundario. \nDenuncia realizada en 1984.",
        "fecha": "",
        "foto": "",
        "categoria": "Personas desaparecidas",
        "_umap_options": {
          "color": "crimson",
          "iconClass": "Circle"
        }
      }
    },
    {
      "type": "Feature",
      "geometry": {
        "type": "Point",
        "coordinates": [
          -59.798241,
          -30.950452
        ]
      },
      "properties": {
        "name": "MARTÍNEZ CASANOVA, Pablo Omar ",
        "description": "Nació el 19/03/1951 en Campana, provincia de Buenos Aires.\nObrero.\nFue secuestrado en su lugar de trabajo, en el Frigorífico Santa Elena, el 24/11/1974, en el departamento de La Paz. \nTenía 26 años. \nDenuncia realizada en 1984.",
        "fecha": "",
        "foto": "",
        "categoria": "Personas desaparecidas",
        "_umap_options": {
          "color": "crimson",
          "iconClass": "Circle"
        }
      }
    },
    {
      "type": "Feature",
      "geometry": {
        "type": "Point",
        "coordinates": [
          -59.781418,
          -30.942447
        ]
      },
      "properties": {
        "name": "MEDINA BENÍTEZ, Oscar Alberto ",
        "description": "Nació el 25/11/1952 en Santa Elena.\nFue secuestrado la madrugada del 20/10/1976, en su domicilio en Dorrego 392, Villa Gobernador Gálvez, Santa Fe, en un operativo ilegal de detención. \nTenía 23 años.\nObrero metalúrgico de los talleres Fillipini, padre de familia y militante del partido Demócrata Progresista.\nMilitaba en el PRT- ERP.\nDenuncia realizada en 1984.",
        "fecha": "",
        "foto": "",
        "categoria": "Personas desaparecidas",
        "_umap_options": {
          "color": "crimson",
          "iconClass": "Circle"
        }
      }
    },
    {
      "type": "Feature",
      "geometry": {
        "type": "Point",
        "coordinates": [
          -59.791718,
          -30.94871
        ]
      },
      "properties": {
        "name": "METZ LÓPEZ, Oscar Alberto",
        "description": "Nació el 28/03/1954 en Santa Elena.\nObrero.\nFue detenido-desaparecido el 07/10/1978 en Santa Fe capital, en un operativo ilegal de detención. \nTenía 24 años.",
        "fecha": "",
        "foto": "",
        "categoria": "Personas desaparecidas",
        "_umap_options": {
          "color": "crimson",
          "iconClass": "Circle"
        }
      }
    },
    {
      "type": "Feature",
      "geometry": {
        "type": "Point",
        "coordinates": [
          -59.444962,
          -31.347433
        ]
      },
      "properties": {
        "name": "MILLER TOCI, Ricardo Ángel",
        "description": "RICARDO ÁNGEL “TOCI”, nació el 17 de abril de 1953 en Bovril, La Paz, Entre Ríos. \nEstudiante de Veterinaria en la Universidad Nacional del Litoral (UNL) y de la Universidad Nacional de La Plata (UNLP).  Militante de la Juventud Peronista. \nRicardo fue asesinado el 14 de diciembre de 1976 en Córdoba.\nDenuncia realizada en 2012.",
        "fecha": "",
        "foto": "",
        "categoria": "Personas desaparecidas",
        "_umap_options": {
          "color": "crimson",
          "iconClass": "Circle"
        }
      }
    },
    {
      "type": "Feature",
      "geometry": {
        "type": "Point",
        "coordinates": [
          -59.643574,
          -30.738565
        ]
      },
      "properties": {
        "name": "SANTILLAN SÁNCHEZ, Omar Aníbal",
        "description": "Nació el 25 de mayo de 1950 en La Paz, Entre Ríos.  \nMilitante Montonero. Delegado y trabajador del Sindicato Único de la Publicidad.  \nOmar fue detenido – desaparecido el 11 de mayo de 1977 en Sarmiento 1113 9º -\"Publicidad Dina\"-, San Nicolás, Capital Federal. Tenía 26 años \n Denuncia realizada en 1984.",
        "fecha": "",
        "foto": "",
        "categoria": "Personas desaparecidas",
        "_umap_options": {
          "color": "crimson",
          "iconClass": "Circle"
        }
      }
    },
    {
      "type": "Feature",
      "geometry": {
        "type": "Point",
        "coordinates": [
          -59.908791,
          -32.77744
        ]
      },
      "properties": {
        "name": "AGUIRRE BURGOS, Carlos Rubén",
        "description": "Nació el 04 de noviembre de 1950 en Rincón de Nogoyá, Victoria. Entre Ríos. Oficial Chapero en Taller En Batlle Y Ordoñez. Carlos fue detenido el 10 de agosto de 1980, por la policía de la provincia, en calle Estado de Israel 253, Rosario. Santa Fe. Asesinado el 12 de agosto de 1980 en la Jefatura de Policía, Rosario. Santa Fe. Tenía 29 años. Denuncia realizada en 1984.\nCONADEP: 4.307",
        "fecha": "",
        "foto": "",
        "categoria": "Personas desaparecidas",
        "_umap_options": {
          "color": "crimson",
          "iconClass": "Circle"
        }
      }
    },
    {
      "type": "Feature",
      "geometry": {
        "type": "Point",
        "coordinates": [
          -60.158043,
          -32.614292
        ]
      },
      "properties": {
        "name": "ALBORNOZ BEJARAN, Cecilio Ramón",
        "description": "Nació el 17 de julio de 1948 en Victoria, Entre Ríos. Gremialista. Cecilio fue detenido – desaparecido el 25 de marzo de 1976 en Astilleros Mestrina S.A, donde trabajaba, en Chubut y Castiglioni. Tigre, Buenos Aires. Sobrevivientes lo vieron en los Centros Clandestinos de Detención, Tortura y Exterminio (CCDTyE) Comisaría 1° de Tigre de la Policía de la provincia de Buenos\nAires y El Campito, guarnición militar de Campo de Mayo. Por decretos números 389, 1615 y 1566 se dispuso el arresto a disposición del Poder Ejecutivo Nacional (PEN) y posterior libertad, sin que esta se efectúe. Tenía\n27 años.",
        "fecha": "",
        "foto": "",
        "categoria": "Personas desaparecidas",
        "_umap_options": {
          "color": "crimson",
          "iconClass": "Circle"
        }
      }
    },
    {
      "type": "Feature",
      "geometry": {
        "type": "Point",
        "coordinates": [
          -60.144653,
          -32.616732
        ]
      },
      "properties": {
        "name": "MARCIANI de GÓMEZ, Luisa Alba Esther",
        "description": "LUISA ALBA ESTHER “Tita” nació el 5 de febrero de 1935 en Victoria. Entre Ríos.\nLuisa fue secuestrada el 31 de enero de 1977 en Villa Diego, Rosario. Santa Fe. \nFalleció el 13 de marzo de 1977 a causa de tratos negligentes en el Hospital Provincial de Rosario\nSobrevivientes la vieron en los Centros Clandestinos de Detención, Tortura y Exterminio (CCDTyE) Jefatura de Policía de Rosario (Servicio de Informaciones) y Alcaidía Central de Rosario, Rosario, Santa Fe. Tenía 42 años\nDenuncia realizada en 2015.\nEmbarazada de 8 meses de gestación al momento del secuestro. Según testimonios habría dado a luz a su hijo sin vida en dependencias del Hospital Provincial de Rosario.\nTenía 42 años.",
        "fecha": "",
        "foto": "",
        "categoria": "Personas desaparecidas",
        "_umap_options": {
          "color": "crimson",
          "iconClass": "Circle"
        }
      }
    },
    {
      "type": "Feature",
      "geometry": {
        "type": "Point",
        "coordinates": [
          -59.907761,
          -32.778745
        ]
      },
      "properties": {
        "name": "MARTÍNEZ, José Pedro “Coco”",
        "description": "Nació el 06/12/1943 en Rincón de Nogoyá.\nFue secuestrado, junto a dos compañeros (vict.hecho 3), en su domicilio en el Barrio Rincón, Rosario, Santa fe, la madrugada del 14/09/1975. \nA las 3hs de la madrugada de esa misma noche, fueron asesinados (ejecutados) en el Aero Club de Rosario, en las inmediaciones de Alvear, Rosario, Santa Fe. \nEra militante sindical y pertenecía al Partido Peronista Auténtico.\nTenía 31 años.",
        "fecha": "",
        "foto": "",
        "categoria": "Personas desaparecidas",
        "_umap_options": {
          "color": "crimson",
          "iconClass": "Circle"
        }
      }
    },
    {
      "type": "Feature",
      "geometry": {
        "type": "Point",
        "coordinates": [
          -60.16963,
          -32.630359
        ]
      },
      "properties": {
        "name": "MÜLLER KERN, Héctor",
        "description": "HÉCTOR nació el 13 de octubre de 1912 en Alcorta, Constitución. Santa Fe.\nObrero. Dirigente sindical de la empresa Sulfacid en Fray Luis Beltrán.\nMilitante del Partido Comunista (PC). \nHéctor fue detenido – desaparecido 29 de mayo de 1976, Sgto. Cabral 51, Capitán Bermúdez. San Lorenzo, Santa Fe.\nAsesinado el 07 de junio de 1976 en aguas del Río Paraná - Isla La Castellana, inmediaciones de 2ª Sección de Islas, Victoria. Entre Ríos. Tenía 63 años.",
        "fecha": "",
        "foto": "",
        "categoria": "Personas desaparecidas",
        "_umap_options": {
          "color": "crimson",
          "iconClass": "Circle"
        }
      }
    },
    {
      "type": "Feature",
      "geometry": {
        "type": "Point",
        "coordinates": [
          -59.905872,
          -32.779177
        ]
      },
      "properties": {
        "name": "SANTA CRUZ CÓRDOBA, Ramón Zenón",
        "description": "Nació el 30 de julio de 1956 en Rincón de Nogoyá, Victoria. Entre Ríos \nRamón fue detenido– desaparecido el 23 de diciembre de 1977 en Int. Neyer 1632, Beccar. San Isidro, Buenos Aires. Tenía 21 años  \nDenuncia realizada en 2014.",
        "fecha": "",
        "foto": "",
        "categoria": "Personas desaparecidas",
        "_umap_options": {
          "color": "crimson",
          "iconClass": "Circle"
        }
      }
    },
    {
      "type": "Feature",
      "geometry": {
        "type": "Point",
        "coordinates": [
          -60.153923,
          -32.626674
        ]
      },
      "properties": {
        "name": "VÉLIZ GONZÁLEZ, Héctor Manuel",
        "description": "Nació el 19 de diciembre de 1947 en Victoria, Entre Ríos. \nEmpleado de la Caja Nacional de Ahorro y Seguro. \nHéctor fue detenido – desaparecido el 24 de abril de 1976 en Carlos Calvo 1281 PB \"2\". Constitución. Capital Federal. Tenía 28 años.",
        "fecha": "",
        "foto": "",
        "categoria": "Personas desaparecidas",
        "_umap_options": {
          "color": "crimson",
          "iconClass": "Circle"
        }
      }
    },
    {
      "type": "Feature",
      "geometry": {
        "type": "Point",
        "coordinates": [
          -59.909821,
          -32.779104
        ]
      },
      "properties": {
        "name": "ZAPATA BARRETO de CORTAZZA, Blanca Josefa",
        "description": "“Cuca” nació el 20 de agosto de 1950 Rincón de Nogoyá, departamento Victoria. \nBlanca estaba casada con Enrique José Cortazza, con quien tenían una hija llamada Paula. \nBlanca y Enrique fueron detenidos – desaparecidos el 11 de febrero de 1977 en calle Castelli al 4.500, Santa Fe. Blanca estaba embarazada a término. \nBlanca murió por las heridas que le provocaron al momento de su secuestro en el Hospital Cullen el 23 de febrero de 1977.\nSus restos fueron recuperados por el Equipo Argentino de Antropología Forense (EAAF) en 1998, habían sido inhumados junto a otros cuerpos en un nicho común del Cementerio de Santa Fe. Tenía 26 años.\nPaula fue dada en adopción a una familia (Guallane) sin decirles quién era. La familia la bautizó “Carolina”. El 25 de noviembre de 1998 con la ayuda de Abuelas de Plaza de Mayo y la CONADI Paula/Carolina supo que sus padres eran Blanca y Enrique, quienes aún continúan desaparecidos. \nPaula aún busca a un hermano o hermana.",
        "fecha": "",
        "foto": "",
        "categoria": "Personas desaparecidas",
        "_umap_options": {
          "color": "crimson",
          "iconClass": "Circle"
        }
      }
    },
    {
      "type": "Feature",
      "geometry": {
        "type": "Point",
        "coordinates": [
          -60.143623,
          -32.625168
        ]
      },
      "properties": {
        "name": "ZAPATA BARRETO, Santiago Delfín",
        "description": "Nació el 25 de marzo de 1952 en Victoria, Entre Ríos. \nSantiago fue secuestrado el 14 de septiembre de 1975 en Centeno 4078, Barrio Rincón, Rosario, Santa Fe junto a Pio Antonio Acosta y José Pedro Martínez \nAsesinado el 14 de septiembre de 1975 en inmediaciones de Aero Club de Rosario, Santa Fe, junto a Pio Antonio Acosta y José Pedro Martínez Tenía 23 años.",
        "fecha": "",
        "foto": "",
        "categoria": "Personas desaparecidas",
        "_umap_options": {
          "color": "crimson",
          "iconClass": "Circle"
        }
      }
    },
    {
      "type": "Feature",
      "geometry": {
        "type": "Point",
        "coordinates": [
          -59.138374,
          -32.301934
        ]
      },
      "properties": {
        "name": "CASAÑA CERRUDO, Víctor Hugo",
        "description": "Nació el 02 de septiembre de 1953 en Rosario del Tala, Entre Ríos.\nVíctor fue detenido – desaparecido en marzo de 1977 en San Antonio de Padua, Merlo, Buenos Aires, junto a su mamá Delia Rosa Cerrudo. \nTenía 23 años.\nDenuncia realizada en 2014.",
        "fecha": "",
        "foto": "",
        "categoria": "Personas desaparecidas",
        "_umap_options": {
          "color": "crimson",
          "iconClass": "Circle"
        }
      }
    },
    {
      "type": "Feature",
      "geometry": {
        "type": "Point",
        "coordinates": [
          -59.356556,
          -32.54486
        ]
      },
      "properties": {
        "name": "Coccoz Turineto, Javier Ramón ",
        "description": "\"Juan Pablo\" -\"Teniente pancho\", nació el 06 de octubre de 1949 en Mansilla, Tala.\nEstudió en el Liceo Militar General Belgrano de Santa Fe, egresando como subteniente de reserva.\nSe casó y tuvo un hijo varón.\nMilitante del Partido Revolucionario de los Trabajadores – Ejército Revolucionario del Pueblo (PRT-ERP).\navier fue detenido – desaparecido el 11 de mayo de 1977 luego de ser herido en una pierna por un disparo de arma de fuego en la intersección de las calles\nMáximo Paz y Avenida Pavón, en Lanús Este, provincia de Buenos Aires.\nSobrevivientes lo vieron en los Centros Clandestinos de Detención, Tortura y Exterminio (CCDTyE) Batallón 601 y El Campito (Guarnición Militar de Campo De Mayo).\nTenía 27 años.\nCaso incluido en causa judicial en la que se investigaron, probaron y condenaron delitos de lesa humanidad.",
        "fecha": "",
        "foto": "",
        "categoria": "Personas desaparecidas",
        "_umap_options": {
          "color": "crimson",
          "iconClass": "Circle"
        }
      }
    },
    {
      "type": "Feature",
      "geometry": {
        "type": "Point",
        "coordinates": [
          -59.145241,
          -32.301063
        ]
      },
      "properties": {
        "name": "Galizzi Marzzan, Blanca Eva",
        "description": "Nació el 24 de noviembre de 1948 en Rosario del Tala.  \nEra empleada en Fábrica de Cerámicas Blanca.\nFue detenida – desaparecida el 25 de mayo de 1976 en Capital Federal. \nTenía 27 años.",
        "fecha": "",
        "foto": "",
        "categoria": "Personas desaparecidas",
        "_umap_options": {
          "color": "crimson",
          "iconClass": "Circle"
        }
      }
    },
    {
      "type": "Feature",
      "geometry": {
        "type": "Point",
        "coordinates": [
          -59.141121,
          -32.305416
        ]
      },
      "properties": {
        "name": "Lasala Morales, Rosario Dominga",
        "description": "Nació el 22/04/1908 en Rosario del Tala. \nFue detenida-desaparecida el 22/07/1977 a los 69 años en su domicilio, Villa Sastre, Temperley, Lomas de Zamora, Buenos Aires. \nFue vista en el CCD El Vesubio.\n“Estaba orgullosa de su identidad peronista que compartía con el resto de la familia. Fue secuestrada el 21 de julio de 1977 y asesinada en cautiverio, junto a su marido (José Italo Rión), su hijo (Juan Domingo Rión. y un hijo de crianza (Mario Alberto Arrativel).”",
        "fecha": "",
        "foto": "",
        "categoria": "Personas desaparecidas",
        "_umap_options": {
          "color": "crimson",
          "iconClass": "Circle"
        }
      }
    },
    {
      "type": "Feature",
      "geometry": {
        "type": "Point",
        "coordinates": [
          -59.348831,
          -32.54363
        ]
      },
      "properties": {
        "name": "Lescano, Antolín Peregrino",
        "description": "Nació el 16/05/1951 en Sauce Sud, departamento Tala.\nFue asesinado el 10/12/1976 en Los Polvorines, Malvinas Argentinas, Buenos Aires. \nEn el hecho fueron 5 víctimas y fue un operativo de cerco y asalto a domicilio.\nMilitaba en la Juventud Peronista.\nEmpleado en el Supermercado Disco. \nTenía 25 años.",
        "fecha": "",
        "foto": "",
        "categoria": "Personas desaparecidas",
        "_umap_options": {
          "color": "crimson",
          "iconClass": "Circle"
        }
      }
    },
    {
      "type": "Feature",
      "geometry": {
        "type": "Point",
        "coordinates": [
          -59.352608,
          -32.546813
        ]
      },
      "properties": {
        "name": "Lescano, Magdalena Eusebia",
        "description": "Nació el 14/08/1921 en Mansilla. \nEra la madre de Lescano, Antolín Peregrino.\nFue secuestrada la madrugada del 05/08/1979 en el Barrio de San Pablo, General Pacheco, Tigre, Buenos Aires. Se encontraba en el domicilio de su hija. \nTenía 57 años.",
        "fecha": "",
        "foto": "",
        "categoria": "Personas desaparecidas",
        "_umap_options": {
          "color": "crimson",
          "iconClass": "Circle"
        }
      }
    },
    {
      "type": "Feature",
      "geometry": {
        "type": "Point",
        "coordinates": [
          -59.147472,
          -32.309188
        ]
      },
      "properties": {
        "name": "Lowe, Ernesto Ronaldo",
        "description": "\"Gordo, Pata\" nació el 20 de octubre de 1947 en Capital Federal.\nCursó sus estudios secundarios en el Colegio Nacional Rosario del Tala, en Entre Ríos. Luego comenzó la carrera de Arquitectura en la Universidad Nacional de Córdoba (U.N.C.) y se integró al Grupo Revolucionario Socialista ( G.R.S.).\nFue miembro de la Organización Comunista Poder Obrero (O.C.P.O.), se había entregado de lleno a la militancia. \nFue asesinado el 21 de octubre de 1976, en el barrio Chacarita, Capital Federal por una brigada de cuatro miembros del Grupo de Tareas 4 con base de operaciones en la Superintendencia de Seguridad Federal.\nEl hecho fue una persecución y llegar a la esquina de Mariano Acha y Olazábal, en Villa Urquiza, lo encerraron y los policías abrieron fuego. \nTenía 29 años.\nSus restos fueron exhumados e identificados en el 2008 y se encontraban en el cementerio de la Chacarita.",
        "fecha": "",
        "foto": "",
        "categoria": "Personas desaparecidas",
        "_umap_options": {
          "color": "crimson",
          "iconClass": "Circle"
        }
      }
    },
    {
      "type": "Feature",
      "geometry": {
        "type": "Point",
        "coordinates": [
          -59.149704,
          -32.309043
        ]
      },
      "properties": {
        "name": "Lowe, Víctor Jorge ",
        "description": "\"Gordo Alberto\" nació el 26 de septiembre de 1953 en Capital Federal.\nSu madre viajó a Capital Federal para todos sus partos pero vivían en Entre Ríos. Pasó su infancia en la ciudad de Rosario del Tala de donde eran oriundos sus padres\nFue el menor de 4 hermanos: Cristina, Ronaldo y Roberto.\nCursó la primaria en la Escuela Nº 1 Onésimo Leguizamón de Rosario del Tala Entre Ríos\nEn el año 1966 se mudó para vivir en la ciudad de Córdoba. \nCursó sus estudios secundarios en el Colegio Nacional de Monserrat de la Universidad Nacional de Córdoba (UNC), de donde egresó con el titulo de bachiller.\nEn el año 1972, ingresó a la carrera de Licenciatura en Física en el Instituto de Astronomía, Matemática y Física, en la Universidad Nacional de Córdoba (UNC).\nTrabajaba de maestro particular.\nMilitó en la Organización Comunista Poder Obrero (OCPO), donde llegó a ser Secretario Político de la Regional Rosario.\nFue asesinado en un allanamiento en su domicilio el 15/09/1976 en calle Juan B. Justo en Rosario. \nSus restos fueron exhumados e identificados en el año 2012, los cuales se encontraban en el cementerio “La Piedad” de Rosario”.\nTenía 23 años.",
        "fecha": "",
        "foto": "",
        "categoria": "Personas desaparecidas",
        "_umap_options": {
          "color": "crimson",
          "iconClass": "Circle"
        }
      }
    },
    {
      "type": "Feature",
      "geometry": {
        "type": "Point",
        "coordinates": [
          -59.402046,
          -32.173288
        ]
      },
      "properties": {
        "name": "Maisonnave Varela, Edmundo Julio Leandro",
        "description": "Nació el 01/01/1943 en Maciá.\nFue secuestrado en el trayecto entre su lugar de trabajo y su domicilio en Capital Federal el 28/02/1975. \nFue asesinado/ejecutado por la triple A la madrugada del 01/03/1975 en las Piletas de Ezeiza (pileta nº5) en Ezeiza, Buenos Aires.\nEra técnico aeronáutico de Aerolíneas Argentinas y militante de la Juventud Peronista, siendo representante ante el Consejo del Partido Justicialista en Capital Federal. También fue apoderado de una lista gremial en la Asociación del Personal Aeronáutico\nTenía 32 años.",
        "fecha": "",
        "foto": "",
        "categoria": "Personas desaparecidas",
        "_umap_options": {
          "color": "crimson",
          "iconClass": "Circle"
        }
      }
    },
    {
      "type": "Feature",
      "geometry": {
        "type": "Point",
        "coordinates": [
          -59.136057,
          -32.310204
        ]
      },
      "properties": {
        "name": "Medina Padilla, León Pablo",
        "description": "Nació el 11/04/1949 en Rosario del Tala.\nObrero.\nFue desaparecido en la vía pública el 28/12/1976 en Campana, Buenos Aires, en un operativo ilegal de detención. \nTenía 27 años.",
        "fecha": "",
        "foto": "",
        "categoria": "Personas desaparecidas",
        "_umap_options": {
          "color": "crimson",
          "iconClass": "Circle"
        }
      }
    },
    {
      "type": "Feature",
      "geometry": {
        "type": "Point",
        "coordinates": [
          -59.180689,
          -32.071447
        ]
      },
      "properties": {
        "name": "Panizza, Juan Carlos",
        "description": "\"Cumpa/Cumpita\", nació el el 01 de abril de 1949 en Altamirano Norte, Tala.\nCasado. \nObrero de la Fábrica ceramista Cattaneo. \nJuan fue detenido – desaparecido el 27 de octubre de 1977 Thames 798- Cerámicas Cattaneo S.A., Villa Adelina, San Isidro. Buenos Aires el mismo día que Faustino Gregorio Romero, José Agustín Ponce y Jorge Carlos Ozeldín, obreros de Cattaneo. Al último lo sacaron de su casa y se lo vio por última vez junto a Panizza en la empresa. \nSobrevivientes lo vieron en el Centro Clandestino de Detención, Tortura y Exterminio (CCDTyE) El Campito (Guarnición Militar de Campo de Mayo). Tenía 28 años.",
        "fecha": "",
        "foto": "",
        "categoria": "Personas desaparecidas",
        "_umap_options": {
          "color": "crimson",
          "iconClass": "Circle"
        }
      }
    },
    {
      "type": "Feature",
      "geometry": {
        "type": "Point",
        "coordinates": [
          -59.133482,
          -32.298306
        ]
      },
      "properties": {
        "name": "Rozados Fucksmann, Misael Enrique",
        "description": "Nació el 02 de enero de 1955 en Rosario del Tala, Entre Ríos.\nSu familia estaba compuesta por su madre, su padre y su hermano.\nCursó sus estudios primarios en Paraná y la secundaria en Santa Fe.\nCuando terminó la escuela se fue con su primo y amigo Carlos Dumani a estudiar a La Plata, donde comenzó su militancia a nivel universitario.  Estudiaba Ingeniería en la Universidad Nacional de La Plata (UNLP)\nMilitó en la Juventud Universitaria Peronista (JUP) y en Montoneros.\nMás adelante, trasladado por la organización, porque corría peligro en La Plata, continuó sus estudios en la ciudad de Rosario.\nMisael fue secuestrado el 10 de noviembre de 1975 en su departamento en Rosario.\nAsesinado el 12 de noviembre de 1975 en la Ruta Provincial Nº 16 y Ruta Nacional Nº 34, Luis Palacios. San Lorenzo, Santa Fe. \nTenía 20 años.",
        "fecha": "",
        "foto": "",
        "categoria": "Personas desaparecidas",
        "_umap_options": {
          "color": "crimson",
          "iconClass": "Circle"
        }
      }
    },
    {
      "type": "Feature",
      "geometry": {
        "type": "Point",
        "coordinates": [
          -59.144897,
          -32.29671
        ]
      },
      "properties": {
        "name": "Sánchez Mendez, Julio Augusto",
        "description": "Nació el 26 de julio de 1953 en la ciudad de Rosario del Tala.\nJulio fue detenido – desaparecido el 20 de octubre de 1976 en Sargento Díaz y Vilela, General Pacheco. Tigre. Buenos Aires. \nTenía 23 años.",
        "fecha": "",
        "foto": "",
        "categoria": "Personas desaparecidas",
        "_umap_options": {
          "color": "crimson",
          "iconClass": "Circle"
        }
      }
    },
    {
      "type": "Feature",
      "geometry": {
        "type": "Point",
        "coordinates": [
          -59.150734,
          -32.302369
        ]
      },
      "properties": {
        "name": "Schiavoni Ormaechea, Eduardo José",
        "description": "Nació el 23 de diciembre de 1946 en Rosario del Tala, Entre Ríos. \nEduardo fue detenido el 10 de octubre de 1973 en Córdoba.  \nMuerto el 10 de julio de 1980 en la Unidad Penal Nº 1 \"Caseros\", Parque \nPatricios. Capital Federal. \nSobrevivientes lo vieron en la Unidad Penal 1 de Córdoba (Penitenciaría San \nMartín), Unidad Penal 2 de Sierra Chica, Unidad Penal 9 de la Plata, Unidad Penal 1 \"Caseros\" .\nTenía 33 años.",
        "fecha": "",
        "foto": "",
        "categoria": "Personas desaparecidas",
        "_umap_options": {
          "color": "crimson",
          "iconClass": "Circle"
        }
      }
    },
    {
      "type": "Feature",
      "geometry": {
        "type": "Point",
        "coordinates": [
          -59.138374,
          -32.295114
        ]
      },
      "properties": {
        "name": "Villaverde Batista, Antonio Nicolás",
        "description": "\"Oscar/Cacha\" nació el  de octubre de 1975 en Rosario del Tala.\nObrero en Dalmine Siderca, Campana. Delegado Gremial En Dalmine. \nAntonio fue detenido – desaparecido el 10 de septiembre de 1976 en Sargento Cabral 4261, San Miguel. General Sarmiento, Buenos Aires.   \nSobrevivientes lo vieron en el Centro Clandestino de Detención (CCD) Comisaría de Campana.\nTenía 30 años.",
        "fecha": "",
        "foto": "",
        "categoria": "Personas desaparecidas",
        "_umap_options": {
          "color": "crimson",
          "iconClass": "Circle"
        }
      }
    },
    {
      "type": "Feature",
      "geometry": {
        "type": "Point",
        "coordinates": [
          -57.998199,
          -31.382658
        ]
      },
      "properties": {
        "name": "Barrios, Enrique Bonifacio",
        "description": "\"Negro\" nació el 05 de junio de 1949 en\nConcordia.\nEstaba casado. \nEmpleado de la construcción.\nEnrique fue detenido – desaparecido el 15 de septiembre de 1976 en José C.\nPaz (Ex Gral. Sarmiento), Buenos Aires. \nTenía 27 años.",
        "fecha": "",
        "foto": "",
        "categoria": "Personas desaparecidas",
        "_umap_options": {
          "color": "crimson",
          "iconClass": "Circle"
        }
      }
    },
    {
      "type": "Feature",
      "geometry": {
        "type": "Point",
        "coordinates": [
          -58.004723,
          -31.381486
        ]
      },
      "properties": {
        "name": "Bernard Aguirre, José Pablo",
        "description": "Nació el 30 de julio de 1948 en Concordia. Estaba casado.\nAbogado Laboralista. Asesor del Sindicato Papelero de Celulosa.\nMilitante de Vanguardia Comunista (VC) – Partido Comunista Marxista Leninista (PCML).\nJosé fue detenido – desaparecido entre el 03 y el 07 de marzo de 1976 en San Salvador de Jujuy, Jujuy. \nTenía 26 años.",
        "fecha": "",
        "foto": "",
        "categoria": "Personas desaparecidas",
        "_umap_options": {
          "color": "crimson",
          "iconClass": "Circle"
        }
      }
    },
    {
      "type": "Feature",
      "geometry": {
        "type": "Point",
        "coordinates": [
          -57.997341,
          -31.379286
        ]
      },
      "properties": {
        "name": "Fiorito Romero, Alfredo Omar Enrique",
        "description": "\"Farruca\" nació el 24 de mayo de 1956 en Concordia.\nMilitante de la Regional II de la Juventud Peronista.\nAlfredo fue detenido – desaparecido entre el 8 y el 13 de febrero de 1977 en Santa Fe. Asesinado el 1º de abril de 1977 en José Ingenieros Y Cda. Arroyito, Rosario. Santa Fe.\nIdentificado Administrativamente por el Equipo Argentino de Antropología Forense en el Cementerio \"La Piedad\" (Rosario), en papeles y fotos recuperadas de la Policía de Santa Fe.\nTenía 20 años.",
        "fecha": "",
        "foto": "",
        "categoria": "Personas desaparecidas",
        "_umap_options": {
          "color": "crimson",
          "iconClass": "Circle"
        }
      }
    },
    {
      "type": "Feature",
      "geometry": {
        "type": "Point",
        "coordinates": [
          -58.011761,
          -31.380522
        ]
      },
      "properties": {
        "name": "Fleitas Díaz Velez de Arguello, María de las Mercedes ",
        "description": "Negra/ Julieta” nació el 19 de julio de 1951 en Concordia.\nEstudiante en la Facultad de Filosofía en la Universidad Católica Argentina (UCA) de Santa Fe. Estudiaba el Profesorado de Historia y paralelamente formaba parte del Movimiento Estudiantil de la Universidad Católica (MEUC).\nTrabajaba como asistente social.\nEstaba casada y tuvo un hijo.\nMilitante de Montoneros. María fue detenida el 23 de septiembre de 1976, en Rosario de Santa Fe.\nDurante el secuestro su compañero César Argüello fue asesinado y su hijo fue secuestrado y posteriormente llevado a La Casa Cuna hasta que, por disposición de un juez militar, fue entregado a su familia.\nJulieta\" como la conocían sus compañeros de militancia fue llevada al Hospital Militar y a la enfermería de la Cuarta Brigada de Infantería Aerotransportada en La Calera, luego permaneció cautiva en el Centro Clandestino de Detención Tortura y Exterminio (CCDTyE) \"La Perla\".\nFue trasladada a Paraná y vista hasta el 3 de diciembre de 1976 en los Centros Clandestinos de Detención (CCD) de la Casa del director de la Unidad Penal Nº 1, Escuadrón de Comunicaciones Blindado II y en la Casita de la Base Aérea de Paraná. \nTenía 25 años.",
        "fecha": "",
        "foto": "",
        "categoria": "Personas desaparecidas",
        "_umap_options": {
          "color": "crimson",
          "iconClass": "Circle"
        }
      }
    },
    {
      "type": "Feature",
      "geometry": {
        "type": "Point",
        "coordinates": [
          -58.010387,
          -31.377088
        ]
      },
      "properties": {
        "name": "Garat Debuchy, Esteban Francisco",
        "description": "Nació el 04 de octubre de 1951 en Concordia, Entre Ríos. Esteban fue detenido – desaparecido el 27 de diciembre de 1977 en Florida, Vicente López. Buenos Aires.\nSobrevivientes lo vieron en el Centro Clandestino de Detención, Tortura y Exterminio (CCDTyE) El Campito - Guarnición Militar De Campo De Mayo.\nTenía 26 años.",
        "fecha": "",
        "foto": "",
        "categoria": "Personas desaparecidas",
        "_umap_options": {
          "color": "crimson",
          "iconClass": "Circle"
        }
      }
    },
    {
      "type": "Feature",
      "geometry": {
        "type": "Point",
        "coordinates": [
          -58.017254,
          -31.376355
        ]
      },
      "properties": {
        "name": "García Sala del Val Sala, Juan Carlos",
        "description": "“FANTOMAS / FLACO / MARIO” nació el 22 de septiembre de 1938.\nEstaba casado y tenía dos hijos.\nMilitante del Partido Revolucionario de los Trabajadores (PRT).\nTrabajó como comerciante en una casa de fotografía, como corresponsal del diario El Territorio en Barranqueras y posteriormente se desempeñó como secretario de redacción en el Diario Norte. \nJuan Carlos fue detenido – desaparecido el 09 de julio de 1976 en su domicilio en Caseros 360, Caseros, Tres de Febrero. Buenos Aires. Junto a su hijo Rudyar Eduardo.\nSu esposa y su hija fueron secuestradas posteriormente junto a su hermana Lelis.\nTenía 37 años.",
        "fecha": "",
        "foto": "",
        "categoria": "Personas desaparecidas",
        "_umap_options": {
          "color": "crimson",
          "iconClass": "Circle"
        }
      }
    },
    {
      "type": "Feature",
      "geometry": {
        "type": "Point",
        "coordinates": [
          -58.017769,
          -31.379534
        ]
      },
      "properties": {
        "name": "García Sala, Lelis Nora",
        "description": "Nació el 03 de junio de 1935 en Concordia.\nVivió junto a sus padres y dos hermanos, Juan Carlos y Víctor.\nLa familia se trasladó a Chaco en 1947 y se instaló en Sáenz Peña.\nesde 1949 hasta 1952 cursó sus estudios secundarios en el Colegio Nacional Mixto N°110, en Presidencia Roque Sáenz Peña (Chaco). Luego se mudó a Resistencia e ingresó en la carrera de Agronomía en la Universidad Nacional del Litoral.\nTuvo varios empleos en Resistencia.\nLelis se dedicó principalmente a la docencia en diferentes instituciones educativas del nivel secundario y universitario, tanto en Resistencia como en Barranqueras. Desde 1958 hasta 1976 se desempeñó en escuelas.\nLelis facilitó una casa para su hermano Juan Carlos en Buenos Aires, cuando él estaba siendo presionado por la Triple A en 1975. Una vez que se enteró de la desaparición de Juan Carlos y de su sobrino Rudyar Eduardo en julio de 1976, se trasladó a Buenos Aires para ayudar en la búsqueda de ambos.\nPor medio de cartas, Lelis se comunicó con su familia y les comentó sobre diversas denuncias realizadas por las desapariciones ante las Naciones Unidas. También aclaró que estaba trabajando en un hospital de Buenos. Aires. Se estima que tuvieron comunicación con ella hasta mayo de 1977 aproximadamente.\nLelis fue detenida - desaparecida en junio de 1977 en Caseros, Tres de Febrero. Buenos Aires. Fredesvinda Zurama Ferro (esposa de Juan Carlos y cuñada de Lelis), y Mónica Elizabeth (sobrina de Lelis) fueron secuestradas el 2 de junio de 1976.\nLelis tenía 41 años.",
        "fecha": "",
        "foto": "",
        "categoria": "Personas desaparecidas",
        "_umap_options": {
          "color": "crimson",
          "iconClass": "Circle"
        }
      }
    },
    {
      "type": "Feature",
      "geometry": {
        "type": "Point",
        "coordinates": [
          -58.003864,
          -31.37802
        ]
      },
      "properties": {
        "name": "Gómez Ríos de Ruiz, Ileana Esther ",
        "description": "“La Negra/Negrita/Gorda” nació el 12 de agosto de 1949 en Concordia.\nTocaba la guitarra, cantaba, estudiaba inglés y era una excelente deportista: jugaba al tenis, al vóley y nadaba tan bien que, además de competir en casi todos los estilos, fue una de las primeras ganadoras femeninas de la maratón del Río Uruguay, organizada por el Club Regatas Concordia.\nTerminó el secundario e ingresó a la Universidad de La Plata (UNLP), en la carrera de Analista Científico, en la Facultad de Ingeniería. A pesar de su excelente rendimiento, decidió cambiarse a Arquitectura, aunque hizo antes una corta incursión por el Profesorado de Historia en la Facultad de Humanidades y Ciencias de la Educación.\nMilitaba en la Juventud Universitaria Peronista (JUP) y era responsable del área sindical. Militante de Montoneros.\nn La Plata conoció a Néstor Ruiz, estudiante de Medicina, oriundo de Neuquén, con quien se casó y tuvo un hijo, Mariano. Néstor fue detenido por cuestiones gremiales en Salto Grande.\nAntes del golpe militar del 24 de marzo de 1976, Ileana se trasladó a Santa Fe junto con su hijo Mariano y allí conoció a Jorge Luis Piotti, de cuya unión nace Jorge Luis el 6 de diciembre de 1976.\nIleana fue asesinada el 19 de enero de 1977 en calle Ituzaingo y Las Heras, Santa Fe en un operativo conjunto de policía y ejército.\nLuego de ver morir a sus compañeros, Osvaldo Pascual Ziccardi, Carlos Mario Frigerio y Jorge Luis Piotti salió de su vivienda siendo acribillada, evitando así que sus hijos fueran alcanzados por las balas de sus asesinos.\nSus restos fueron recuperados por su familia. \nTenía 27 años.",
        "fecha": "",
        "foto": "",
        "categoria": "Personas desaparecidas",
        "_umap_options": {
          "color": "crimson",
          "iconClass": "Circle"
        }
      }
    },
    {
      "type": "Feature",
      "geometry": {
        "type": "Point",
        "coordinates": [
          -58.021545,
          -31.375685
        ]
      },
      "properties": {
        "name": "Ibañez Goméz, Rafael Oscar",
        "description": "Nació el 28 de febrero de 1955 en Concordia, Entre Ríos. \nEmpleado en tapicería y bar en 3 de Febrero .Rafael fue detenido – desaparecido el 14 de septiembre de 1977, en su lugar de trabajo,  Nicaragua esquina San Javier –Bar- · Pablo Podestá, Tres de Febrero. Buenos Aires. \nTenía 22 años.  \n{{http://th.bing.com/th/id/OIP.My3ra059iD-Ez-HtMqR7EwHaHZ?pid=ImgDet&rs=1.com",
        "fecha": "",
        "foto": "",
        "categoria": "Personas desaparecidas",
        "_umap_options": {
          "color": "crimson",
          "iconClass": "Circle"
        }
      }
    },
    {
      "type": "Feature",
      "geometry": {
        "type": "Point",
        "coordinates": [
          -57.991505,
          -31.379727
        ]
      },
      "properties": {
        "name": "Kofman Zeigner, Jorge Óscar",
        "description": "Nació el 28/03/1952 en Concordia. \nEstaba casado y tenía dos hijos. Había estudiado en la Facultad de Filosofía y Letras de Córdoba en el año 1970/71. Luego trabajó en la Herrería de Obras también en Córdoba. Estuvo detenido en la Cárcel de encausados de Córdoba, desde fines de 1972 y fue liberado el 25 de mayo de 1973.\nFue secuestrado entre el 01-07/06/1975, presumiblemente en la vía pública, en el trayecto entre Tucumán y Córdoba. \nTenía 23 años. \nCaso incluido en causa judicial en la que se investigaron, probaron y condenaron delitos de lesa humanidad.",
        "fecha": "",
        "foto": "",
        "categoria": "Personas desaparecidas",
        "_umap_options": {
          "color": "crimson",
          "iconClass": "Circle"
        }
      }
    },
    {
      "type": "Feature",
      "geometry": {
        "type": "Point",
        "coordinates": [
          -57.991848,
          -31.383537
        ]
      },
      "properties": {
        "name": "Lagraña Leyes, Augusto Ramón",
        "description": "Nació el 02 de marzo de 1930 en Concordia, Entre Ríos.     \nPadre de Elisa Isabel y Raúl Amadeo.\nMilitante de Montoneros.\nAugusto fue detenido – desaparecido el 07 de septiembre de 1977 en Capital Federal. \t \nTenía 47 años.",
        "fecha": "",
        "foto": "",
        "categoria": "Personas desaparecidas",
        "_umap_options": {
          "color": "crimson",
          "iconClass": "Circle"
        }
      }
    },
    {
      "type": "Feature",
      "geometry": {
        "type": "Point",
        "coordinates": [
          -58.003864,
          -31.373865
        ]
      },
      "properties": {
        "name": "Lagraña Tisocco de González, Elisa Isabel",
        "description": "Nació el 18/04/1954 en Concordia. \nHija de Lagraá Leyes, Augusto Ramón, también detenido-desaprecido.\nFue secuestrada-desaparecida el 23/09/1977 en su domicilio, en Boulogne Sur Mer, San Isidro, Buenos Aires. \nTenía 23 años.",
        "fecha": "",
        "foto": "",
        "categoria": "Personas desaparecidas",
        "_umap_options": {
          "color": "crimson",
          "iconClass": "Circle"
        }
      }
    },
    {
      "type": "Feature",
      "geometry": {
        "type": "Point",
        "coordinates": [
          -58.012447,
          -31.325047
        ]
      },
      "properties": {
        "name": "Lagraña Tisocco, Raúl Amadeo",
        "description": "Nació el 18/11/1956 en Concordia. \nHijo de Lagraña Leyes, Augusto Ramón.\nRaúl fue asesinado en la vía pública el 22 de septiembre de 1976 en Bernardino Rivadavia y Av. Vélez Sarsfield, Munro. Vicente López, Buenos Aires.\nTenía 19 años.\nSu deceso fue probado documentalmente por la Cámara Nacional de Apelaciones en lo Criminal y Correccional Federal de la Capital Federal.\nSus restos fueron identificados en 1999 y se encontraban en el cementerio municipal de Vicente López (Olivos).",
        "fecha": "",
        "foto": "",
        "categoria": "Personas desaparecidas",
        "_umap_options": {
          "color": "crimson",
          "iconClass": "Circle"
        }
      }
    },
    {
      "type": "Feature",
      "geometry": {
        "type": "Point",
        "coordinates": [
          -57.993565,
          -31.37577
        ]
      },
      "properties": {
        "name": "Maschio Laffitte, Raúl Ramón",
        "description": "Nació el 31/08/1955 en Concordia. \nRealizó sus estudios secundarios en la ENET N°1 y los finalizó en el Colegio Nacional «Alejandro Carbó» de su ciudad natal. \nEra estudiante del profesorado en Psicología de la Universidad Nacional de La Plata y trabajador en una fábrica de Gonnet. \nMilitante del Partido Comunista Marxista Leninista (PCML).\nFue secuestrado el 6 de diciembre de 1977 en su lugar de trabajo en calle 502 entre 9 y 10 de la localidad de Gonnet, en un operativo a cargo del Primer Cuerpo del Ejército en el marco de lo que se conoció como “Operativo Escoba”. \nFue visto por sobrevivientes del Centro Clandestino de Detención conocido como “La Cacha” en Olmos.\nEn junio del 2018 el Equipo Argentino de Antropología Forense (EAAF) identificó sus restos en el Cementerio Municipal de La Plata.\nTenía 22 años.",
        "fecha": "",
        "foto": "",
        "categoria": "Personas desaparecidas",
        "_umap_options": {
          "color": "crimson",
          "iconClass": "Circle"
        }
      }
    },
    {
      "type": "Feature",
      "geometry": {
        "type": "Point",
        "coordinates": [
          -58.014336,
          -31.372253
        ]
      },
      "properties": {
        "name": "Miño López, José Alberto",
        "description": "Nació el 18 de diciembre de 1955 en Concordia, Entre Ríos.\nJosé fue detenido – desaparecido el 07 de agosto de 1977 Avellaneda, Buenos \nAires.\nSobrevivientes lo vieron en el Centro Clandestino de Detención (CCD) El \nVesubio. \nTenía 21 años.",
        "fecha": "",
        "foto": "",
        "categoria": "Personas desaparecidas",
        "_umap_options": {
          "color": "crimson",
          "iconClass": "Circle"
        }
      }
    },
    {
      "type": "Feature",
      "geometry": {
        "type": "Point",
        "coordinates": [
          -58.024635,
          -31.37152
        ]
      },
      "properties": {
        "name": "Naymark Gabe, Alicia Irene",
        "description": "Nació el 02 de noviembre de 1945 en Concordia, Entre Ríos.\nEstudiante de psicología.\nAlicia fue detenida – desaparecida el 10 de noviembre de 1976 en Cangallo 1851 7º \"A\" · Balvanera. Capital Federal. \nTenía 31 años.",
        "fecha": "",
        "foto": "",
        "categoria": "Personas desaparecidas",
        "_umap_options": {
          "color": "crimson",
          "iconClass": "Circle"
        }
      }
    },
    {
      "type": "Feature",
      "geometry": {
        "type": "Point",
        "coordinates": [
          -58.030643,
          -31.371373
        ]
      },
      "properties": {
        "name": "Noailles, Alberto Teodoro",
        "description": "“Pino” nació en Concordia en 1940. \nTenía dos hijos Gervasio y Bárbara. Trabajaba en su taller mecánico de chapa y pintura.\nIntegrante del Ejército Revolucionario del Pueblo 22 de agosto, un desprendimiento del PRT-ERP tradicional, en el año 1973. \nAlberto fue detenido – desaparecido en calle Amenabar 250 – Taller de chapa y pintura- Palermo. Buenos Aires. \nSobrevivientes lo vieron en el Centro Clandestino de Detención, Tortura y \nExterminio (CCDTyE) Escuela Superior de Mecánica de la Armada (ESMA). \nTenía 36 años.",
        "fecha": "",
        "foto": "",
        "categoria": "Personas desaparecidas",
        "_umap_options": {
          "color": "crimson",
          "iconClass": "Circle"
        }
      }
    },
    {
      "type": "Feature",
      "geometry": {
        "type": "Point",
        "coordinates": [
          -58.030987,
          -31.377382
        ]
      },
      "properties": {
        "name": "Odorisio Yacubsohn, Roberto Miguel",
        "description": "“Surubí” nació el 25 de enero de 1952 en Concordia. Entre Ríos.\nRoberto estudiaba y trabajaba como gasista.  Vivía con María Inés Menescardi.\nMilitante de la Juventud Universitaria Peronista (JUP) en la Universidad Tecnológica Nacional de La Plata (UNLP). Montoneros. \nRoberto y María Inés fueron secuestrados por Coordinación Federal y Ejército el 27 de enero de 1977 en el domicilio de la madre de Roberto en Boedo 389, piso 1, departamento 4 (Barrio de Almagro en Capital Federal). Sobrevivientes lo vieron en los Centros Clandestinos de Detención, Tortura y Exterminio (CCDTYE) Destacamento de Arana, Brigada de Investigaciones de La Plata, Comisaría 5° de La Plata hasta el 30 de marzo de 1977 y en el Pozo de Banfield desde 01 de abril de 1978 hasta el 25 de abril de 1978. \nTenía 25 años.",
        "fecha": "",
        "foto": "",
        "categoria": "Personas desaparecidas",
        "_umap_options": {
          "color": "crimson",
          "iconClass": "Circle"
        }
      }
    },
    {
      "type": "Feature",
      "geometry": {
        "type": "Point",
        "coordinates": [
          -58.032532,
          -31.382658
        ]
      },
      "properties": {
        "name": "Papetti Alegre, Jorge Emilio",
        "description": "Nació el 27 de abril de 1953 en Concordia, Entre Ríos. Conscripto del Regimiento de Caballería de Tiradores Blandengues Nº 6 de \nConcordia de Concordia. Estudiante.\nJorge Emilio fue detenido – desaparecido el 16 de marzo de 1977 del Regimiento de Caballería de Tiradores Blandengues Nº 6 en Concordia. Entre Ríos. \nSobrevivientes lo vieron en los Centros Clandestinos de Detención (CCD) \nRegimiento de Caballería de Tiradores Blandengues Nº 6 de Concordia, Batallón de Comunicaciones de Paraná y Unidad Penal Nº 1 Paraná. \nTenía 24 años.",
        "fecha": "",
        "foto": "",
        "categoria": "Personas desaparecidas",
        "_umap_options": {
          "color": "crimson",
          "iconClass": "Circle"
        }
      }
    },
    {
      "type": "Feature",
      "geometry": {
        "type": "Point",
        "coordinates": [
          -58.018284,
          -31.385589
        ]
      },
      "properties": {
        "name": "Quinteros Traverso de Morillo, Susana Beatriz",
        "description": "“Mónica/Chamarrita” nació el 27 de noviembre de 1948 en Capilla del Monte, Punilla, Córdoba.\nRealizó sus estudios secundarios en el instituto San José Adoratrices en la ciudad de Concordia, Entre Ríos, egresando en 1965 con el título de Maestra Normal.\nEstudiante de la Facultad de Arquitectura de la Universidad Nacional de \nCórdoba. Casada con Roberto Héctor Morillo con quien tenía una hija, Florencia. \nMilitante de Montoneros. \nSusana y Héctor fueron detenidos – desaparecidos el 2 de marzo de 1977 en \nLos Hornos, La Plata. Buenos Aires. \nSobrevivientes los vieron en los Centros Clandestinos de Detención, Tortura y \nExterminio (CCDTyE) La Cacha, Regimiento de Infantería 7, División Cuatrerismo (Destacamento de Arana).\nAsesinada el 6 de mayo de 1977 en Lisandro Olmos, La Plata. Buenos Aires \nTenía 28 años.",
        "fecha": "",
        "foto": "",
        "categoria": "Personas desaparecidas",
        "_umap_options": {
          "color": "crimson",
          "iconClass": "Circle"
        }
      }
    },
    {
      "type": "Feature",
      "geometry": {
        "type": "Point",
        "coordinates": [
          -58.022919,
          -31.384417
        ]
      },
      "properties": {
        "name": "Rivero Tito, Carlos Eduardo ",
        "description": "Toto” nació el 18 de marzo de 1954 en Concordia, Entre Ríos.\nCarlos fue detenido – desaparecido el 25 de julio de 1978 en Capital Federal. \nSobrevivientes lo vieron en el Centro Clandestino de Detención, Tortura y Exterminio (CCDTyE) La Cacha. \nTenía 24 años",
        "fecha": "",
        "foto": "",
        "categoria": "Personas desaparecidas",
        "_umap_options": {
          "color": "crimson",
          "iconClass": "Circle"
        }
      }
    },
    {
      "type": "Feature",
      "geometry": {
        "type": "Point",
        "coordinates": [
          -58.038883,
          -31.381779
        ]
      },
      "properties": {
        "name": "Saipe Castro, Miguel Domingo",
        "description": "Nació el 22 de octubre de 1959 en Concordia, Entre Ríos.  \nConscripto en la Base Naval de Mar del Plata, Mar del Plata \nMiguel fue detenido – desaparecido el 13 de mayo de 1978 en la Base Naval de Mar del Plata, Mar del Plata, General Pueyrredon. Buenos Aires. \nTenía 18 años.",
        "fecha": "",
        "foto": "",
        "categoria": "Personas desaparecidas",
        "_umap_options": {
          "color": "crimson",
          "iconClass": "Circle"
        }
      }
    },
    {
      "type": "Feature",
      "geometry": {
        "type": "Point",
        "coordinates": [
          -58.03751,
          -31.375477
        ]
      },
      "properties": {
        "name": "Sánchez, Mario Valerio",
        "description": "Nació el 14 de marzo de 1950 en Corrientes. Casado.  \nMilitante de Montoneros Zona Oeste.  \nMario Valerio fue detenido – desaparecido el 17 de abril de 1977 en calle Belgrano 996 de Concordia. Entre Ríos . Sobrevivientes lo vieron en el Centro Clandestino de Detención (CCD) Base Aérea de Moreno, luego a la Comisaría de Francisco Álvarez de Moreno, Comisaría Primera de Moreno y por último a Mansión Seré.  \nTenía 27 años.  \nFue trasladado a la comisaría de Moreno y por último a Mansion Sere. \nSu esposa, con 8 meses de embarazo, también fue secuestrada pero posteriormente liberada.",
        "fecha": "",
        "foto": "",
        "categoria": "Personas desaparecidas",
        "_umap_options": {
          "color": "crimson",
          "iconClass": "Circle"
        }
      }
    },
    {
      "type": "Feature",
      "geometry": {
        "type": "Point",
        "coordinates": [
          -58.035965,
          -31.370787
        ]
      },
      "properties": {
        "name": "Schojet Socolovsky, Bernardo José",
        "description": "Nació el 07 de abril de 1954 en Concordia.\nEra de origen judío y trabajaba como empleado judicial. \nSu madre se llamaba Rebeca Socolovsky. Empleado de Comercio en Fábrica de Ropa \"Aquerman\"  Cursó en el Colegio N°14 “Juan José Paso”, en Valentín Gómez 3163, barrio de Balvanera. Había militado en la agrupación “Orientación Socialista”.  \nBernardo fue detenido - desaparecido el 07 de septiembre de 1977 en José Gervasio Artigas 2017 3º \"12\"   -Villa Mitre- Capital Federal.  \nSobrevivientes lo vieron en el Centro Clandestino de Detención (CCD) Comisaría 3 de Castelar y en el Club Atlético. \nTenía 23 años.",
        "fecha": "",
        "foto": "",
        "categoria": "Personas desaparecidas",
        "_umap_options": {
          "color": "crimson",
          "iconClass": "Circle"
        }
      }
    },
    {
      "type": "Feature",
      "geometry": {
        "type": "Point",
        "coordinates": [
          -58.021545,
          -31.366829
        ]
      },
      "properties": {
        "name": "Solaga Waigel, Julio Alberto",
        "description": "Nació el 16 de julio de 1951 en Concordia.\nEgresado de la escuela de Comercio “Gerardo Victorín”\nTrabajaba y estudiaba en la Facultad de Ciencias de la Alimentación en la Universidad Nacional de Entre Ríos (UNER).  \nTambién tuvo un paso por Ingeniería Química en Santa Fe.  \nMilitante de la Juventud Universitaria Peronista (JUP) y Montoneros.  \nJulio fue detenido – desaparecido el 22 de noviembre de 1976 en calle Damián  P. Garat 864, Concordia. Entre Ríos. \nTenía 25 años.",
        "fecha": "",
        "foto": "",
        "categoria": "Personas desaparecidas",
        "_umap_options": {
          "color": "crimson",
          "iconClass": "Circle"
        }
      }
    },
    {
      "type": "Feature",
      "geometry": {
        "type": "Point",
        "coordinates": [
          -58.004036,
          -31.369321
        ]
      },
      "properties": {
        "name": "Zalasar Trinidad, Sixto Francisco",
        "description": "Nació el 9 de octubre de 1949 en Concordia.\nObrero del Ferrocarril Urquiza en Concordia. Casado. Tres hijos. Sixto fue detenido – desaparecido el 26 de mayo de 1976 en su casa en calle Diamante 1.062, Concordia. Entre Ríos.  \nSobrevivientes lo vieron en el Centro Clandestino de Detención (CCD) Jefatura Departamental de Policía de Concordia, ubicada en Pellegrini 621, en pleno centro cívico de la ciudad. \nTenía 26 años.",
        "fecha": "",
        "foto": "",
        "categoria": "Personas desaparecidas",
        "_umap_options": {
          "color": "crimson",
          "iconClass": "Circle"
        }
      }
    },
    {
      "type": "Feature",
      "geometry": {
        "type": "Point",
        "coordinates": [
          -58.499537,
          -31.616331
        ]
      },
      "properties": {
        "name": "Gregorio Cazachkoff Sitcoff ",
        "description": "Nació el 08 agosto de 1932 en San Salvador, Entre Ríos. Casado, dos hijos, Ricardo y Liliana. Comerciante. Gregorio fue detenido – desaparecido el 25 de noviembre de 1976 en Belgrano 337, San Fernando · Buenos Aires. Tenía 43 años. Denuncia realizada en 1984.",
        "fecha": "",
        "foto": "",
        "categoria": "Personas desaparecidas",
        "_umap_options": {
          "color": "crimson",
          "iconClass": "Circle"
        }
      }
    },
    {
      "type": "Feature",
      "geometry": {
        "type": "Point",
        "coordinates": [
          -58.510609,
          -31.613335
        ]
      },
      "properties": {
        "name": "Orlando René Méndez Gallay ",
        "description": "Nació el 10/11/1946 en San Salvador.\nFue detenido-desaparecido en la vía pública el 21/10/1976 a las 16hs., en el trayecto entre Paternal y Mataderos, Capital Federal, en un operativo ilegal de detención.\nEmpleado en Carrier.\nMilitaba en montoneros.\nTenía 29 años.\nVisto en el Centro Clandestino de Detención ESMA. Asesinado en operativo de secuestro y llevado sin vida al CCD.\nSu esposa, Leticia Margarita Oliva con quien tenía una hija, fue detenida-desaparecida dos años después.",
        "fecha": "",
        "foto": "",
        "categoria": "Personas desaparecidas",
        "_umap_options": {
          "color": "crimson",
          "iconClass": "Circle"
        }
      }
    },
    {
      "type": "Feature",
      "geometry": {
        "type": "Point",
        "coordinates": [
          -58.509064,
          -31.62481
        ]
      },
      "properties": {
        "name": "Pedro Cazachkoff Sitcoff",
        "description": "Nació el 09 de enero de 1936 en San Salvadorn Entre Ríos. Casado, tres hijos. Comerciante. Pedro fue detenido – desaparecido el 25 de noviembre de 1976 en Maipú 866, San Fernando, Buenos Aires. Tenía 39 años.",
        "fecha": "",
        "foto": "",
        "categoria": "Personas desaparecidas",
        "_umap_options": {
          "color": "crimson",
          "iconClass": "Circle"
        }
      }
    },
    {
      "type": "Feature",
      "geometry": {
        "type": "Point",
        "coordinates": [
          -58.50666,
          -33.007224
        ]
      },
      "properties": {
        "name": " Ghiglia Moscardini, Jerónimo Gabriel",
        "description": "Nació el 22 de junio de 1951 en Gualeguaychú, Entre Ríos. \nEra obrero en la Fábrica Hoerhst. Militante sindical. Jerónimo fue detenido – desaparecido el 30 de abril de 1976 en su lugar de trabajo. \nTenía 24 años y continúa desaparecido.",
        "fecha": "",
        "foto": "",
        "categoria": "Personas desaparecidas",
        "_umap_options": {
          "color": "crimson",
          "iconClass": "Circle"
        }
      }
    },
    {
      "type": "Feature",
      "geometry": {
        "type": "Point",
        "coordinates": [
          -58.517475,
          -33.000606
        ]
      },
      "properties": {
        "name": "Angerosa Ingold, Blanca Estela",
        "description": "“Blanquita/Laura/Nona/Lara/Luba\" nació el 27 de marzo de 1958 en Gualeguaychú, Entre Ríos.\nEra la menor de seis hermanos. Terminó la escuela\nsecundaria en Gualeguaychú. Tenía un fuerte compromiso social, trabajaba en la Compañía de\nMaría, pasó por la Acción Católica, hizo trabajos barriales hasta que el compromiso social se\nconvirtió en compromiso político. \nMilitante de Montoneros Oeste. \nBlanca fue detenida - desaparecida el 3 de marzo de 1978 en la Tablada, Capital Federal. Buenos Aires. Estaba embarazada de 4 meses.\nEstando detenida en el Centro Clandestino de Detención, Tortura y Exterminio El Vesubio, Blanca fue trasladada al Hospital Militar de Campo de Mayo en Capital Federal para dar a luz el 15 de agosto de 1978. Allí le fue realizada una cesárea y nació su hijo, a quien le puso el nombre de Pedro, quien fue apropiado\ndesde el tercer día de su nacimiento hasta el día de hoy.\nAproximadamente 15 días después, los represores le hicieron escribir una carta para enviar el niño a sus padres, que nunca les fue entregada.\nEl niño nunca llegó a manos de sus abuelos. \nBlanca tenía 20 años. Ella y su bebé nacido/a en cautiverio continúan desaparecidos.",
        "fecha": "",
        "foto": "",
        "categoria": "Personas desaparecidas",
        "_umap_options": {
          "color": "crimson",
          "iconClass": "Circle"
        }
      }
    },
    {
      "type": "Feature",
      "geometry": {
        "type": "Point",
        "coordinates": [
          -58.512669,
          -33.001277
        ]
      },
      "properties": {
        "name": "Angerosa Ingold, Daniel Martín",
        "description": "Nació el 17 de agosto de 1950 en Gualeguaychú, Entre Ríos. \nDaniel estaba casado con Cristina con quien tenía un hijo llamado Martín. Era médico egresado de la Universidad Nacional de Córdoba (UNC) y militante de la Juventud Universitaria Peronista (JUP), del Movimiento Villero Peronista (MVP) y Montoneros en la Facultad de Medicina de Rosario. \nDaniel fue detenido – desaparecido el 17 de febrero de 1976, en inmediaciones de la Plaza de las Banderas, Santa Fe cuando iba a una cita nacional de Montoneros detectada previamente. \nTenía 25 años y continúa desaparecido.",
        "fecha": "",
        "foto": "",
        "categoria": "Personas desaparecidas",
        "_umap_options": {
          "color": "crimson",
          "iconClass": "Circle"
        }
      }
    },
    {
      "type": "Feature",
      "geometry": {
        "type": "Point",
        "coordinates": [
          -58.51902,
          -33.004756
        ]
      },
      "properties": {
        "name": "Araujo Guido, Ana María Carolina ",
        "description": "\"Estela María Fontana\" nació el 8 de octubre de 1952 en Gualeguaychú, Entre Ríos. Cursó sus estudios primarios en la escuela Normal “Olegario Víctor Andrade\" de Gualeguaychú.\nEn 1975 se mudó a Paraná a estudiar Ciencias de la Educación en la Universidad Nacional de\nEntre Ríos (UNER). Ya había obtenido un título intermedio que la habilitaba para ejercer la\ndocencia en escuelas primarias. \nEra militante de la Juventud Peronista (JP) y Montoneros, y aprovechaba sus conocimientos\nuniversitarios para brindar educación a adultos. Después del golpe militar del ’76 se fue a Santa\nFe buscando menos exposición y luego se trasladó a Buenos Aires en forma clandestina. \nAna maría fue detenida - desaparecida el 25 de marzo de 1978 en Buenos Aires. \nTenía 25 años y continúa desaparecida.",
        "fecha": "",
        "foto": "",
        "categoria": "Personas desaparecidas",
        "_umap_options": {
          "color": "crimson",
          "iconClass": "Circle"
        }
      }
    },
    {
      "type": "Feature",
      "geometry": {
        "type": "Point",
        "coordinates": [
          -58.514042,
          -33.004733
        ]
      },
      "properties": {
        "name": "Ardeti Molaro, Enrique Néstor",
        "description": "“Gordo Quito/Román” nació el 24 de octubre de 1934 en Gualeguaychú (Entre Ríos). Hijo de Alfredo Elias Ardeti y de Zulema Molaro. Su padre era migrante sirio-libanes. Estaba casado con Consuelo “Negrita” Orellano con quien tuvo dos hijos.\nRadicado luego en Santa Fe, fue invitado por compañeros que permanecían\nactivos para sumarse a la guerrilla peronista de Taco Ralo en 1968. Llegó a ser\nmiembro de la Dirección Nacional de las Fuerzas Armadas Peronistas (FAP).\nEnrique fue detenido – desaparecido el 06 de agosto de 1979 en su lugar de trabajo en Florencio Varela.\nSobrevivientes lo vieron en el Centro Clandestino de Detención, Tortura y Exterminio (CCDTyE) Escuela Superior de Mecánica de la Armada (ESMA) hasta fines de 1980 en que lo “trasladan”.\nLa foto de su paso por el CCDTyE de la ESMA fue rescatada por Víctor Basterra entre otras de detenidos y presentada como prueba de la desaparición. \nTenía 44 años y continúa desaparecido",
        "fecha": "",
        "foto": "",
        "categoria": "Personas desaparecidas",
        "_umap_options": {
          "color": "crimson",
          "iconClass": "Circle"
        }
      }
    },
    {
      "type": "Feature",
      "geometry": {
        "type": "Point",
        "coordinates": [
          -58.523827,
          -33.002041
        ]
      },
      "properties": {
        "name": "Arellano Gamboa, Juan Gualberto",
        "description": "Juan nació el 12 de julio de 1916 en Gualeguaychú, Entre Ríos.\nTrabajaba de marmolero en la construcción y militaba en el Partido Comunista (PC).\nJuan Gualberto fue detenido - desaparecido en la vía pública, fue visto por última vez en La Boca, Capital Federal. \nTenía 61 años y continúa desaparecido.",
        "fecha": "",
        "foto": "",
        "categoria": "Personas desaparecidas",
        "_umap_options": {
          "color": "crimson",
          "iconClass": "Circle"
        }
      }
    },
    {
      "type": "Feature",
      "geometry": {
        "type": "Point",
        "coordinates": [
          -58.5252,
          -33.005928
        ]
      },
      "properties": {
        "name": "Áviles Montero de Elizalde Leal, Delia Norberta",
        "description": "Nació el 16 de marzo de 1921 en Gualeguaychú. Entre Ríos.\nEstaba casada y tenía tres hijos: Felipe, Sofía y Alberto. Delia era enfermera y estudiante de la Universidad Nacional de La Plata (UNLP).\nDesde la detención de su hijo Alberto, militante del Partido Revolucionario de los Trabajadores – Ejército Revolucionario del Pueblo (PRT-ERP) en 1973, Delia integraba los grupos de apoyo a Familiares de Presos Políticos.\nDelia fue detenida – desaparecida el 25 de enero de 1977 en Ensenada, Buenos Aires, junto a sus hijos Felipe y Sofía. \nTenía 55 años y continúa desaparecida, igual que sus hijos.",
        "fecha": "",
        "foto": "",
        "categoria": "Personas desaparecidas",
        "_umap_options": {
          "color": "crimson",
          "iconClass": "Circle"
        }
      }
    },
    {
      "type": "Feature",
      "geometry": {
        "type": "Point",
        "coordinates": [
          -58.533096,
          -33.007656
        ]
      },
      "properties": {
        "name": "Borrajo Sabat, Marcelo Enrique",
        "description": "Nació el 30 de enero de 1955 en Gualeguaychú, Entre Ríos.\nCursó la escuela primaria en la Escuela Normal “Olegario Victor Andrade” y la secundaria en el Colegio Nacional “Luis Clavarino”, recibiéndose de bachiller. \nFue estudiante de Derecho en la Facultad de La Plata, participando activamente en la política estudiantil desde la Juventud Universitaria Peronista (JUP). Cuando\ncursaba el 4to año de la carrera fue elegido presidente del Centro de Estudiantes. Militaba en Montoneros.\nMarcelo fue detenido - desaparecido el 17 de diciembre de 1976 en La Plata, Buenos Aires. Su novia Mirtha Perez también había sido secuestrada ese día.  \nSobrevivientes lo vieron desde el 18 de diciembre de 1976 y hasta el 31 de diciembre de 1976 en el Centro Clandestino de Detención, Tortura y Exterminio (CCDTyE) División Cuatrerismo (Destacamento de Arana) y en la Comisaría 5ª de La Plata. \nTenía 21 años y continúa desaparecido.",
        "fecha": "",
        "foto": "",
        "categoria": "Personas desaparecidas",
        "_umap_options": {
          "color": "crimson",
          "iconClass": "Circle"
        }
      }
    },
    {
      "type": "Feature",
      "geometry": {
        "type": "Point",
        "coordinates": [
          -58.524857,
          -33.012169
        ]
      },
      "properties": {
        "name": "Borrelli Genna de Peña, Victoria Graciela",
        "description": "Nació el 28 de enero de 1944 en Gualeguaychú, Entre Ríos. Hija de Victoriano Nicolás Borrelli y de Juana Genna. \nTrabajaba como empleada en la Fábrica Argentina de Porcelanas Armanino (FAPA), ubicada en Monte Grande, y era delegada gremial.\nVictoria fue detenida – desaparecida el 01 de agosto de 1976 en Monte Grande. Esteban Echeverría, Buenos Aires. \nFue vista por sobrevivientes en los Centros Clandestinos de Detención El Infierno, que\nfuncionaba en la Brigada de Investigaciones de Lanús y en la Delegación de la Policía Federal de\nAvellaneda. \nTenía 32 años y continúa desaparecida.",
        "fecha": "",
        "foto": "",
        "categoria": "Personas desaparecidas",
        "_umap_options": {
          "color": "crimson",
          "iconClass": "Circle"
        }
      }
    },
    {
      "type": "Feature",
      "geometry": {
        "type": "Point",
        "coordinates": [
          -58.51696,
          -33.012745
        ]
      },
      "properties": {
        "name": "Bugnone Cepeda de Ayastuy, Marta Elsa",
        "description": "“Cristiana” nació el 22 de abril de 1949 en Gualeguaychú, Entre Ríos.\nHija de Elvira Cepeda y Enrique Bugnone. Hermana de Ana María, Susana, Enrique, Estela, María Elena (también desaparecida) y Esteban. \nCursó la escuela primaria y secundaria en el colegio católico “Malvina Seguí de Clavarino”.\nEstudió profesorado de filosofía y pedagogía en Concepción del Uruguay. En 1971 empezó a estudiar Psicología en la Universidad Nacional de Rosario (UNR). En esos tiempos conoció a Jorge Ayastuy con quien se casó en 1973.\nEn agosto de 1975 la Alianza Anticomunista Argentina (Triple A) les tiroteó la casa. Ante esto, se fueron a Gualeguay y luego a Villaguay, Entre Ríos. En enero de 1976 se trasladaron a Buenos Aires. Marta y Jorge tuvieron un hijo al que llamaron Matías, el cual creció junto a sus tíos Estela y Guillermo.\nMilitante del Partido Comunista Marxista Leninista (PCML). \nMarta y Jorge fueron detenidos - desaparecidos el 6 de diciembre de 1977 en Capital Federal. Buenos Aires. Marta estaba embarazada.\nSobrevivientes los vieron en los Centros Clandestinos de Detención, Tortura y Exterminio (CCDTyE) Club Atlético y El Banco. \nMarta tenía 28 años.",
        "fecha": "",
        "foto": "",
        "categoria": "Personas desaparecidas",
        "_umap_options": {
          "color": "crimson",
          "iconClass": "Circle"
        }
      }
    },
    {
      "type": "Feature",
      "geometry": {
        "type": "Point",
        "coordinates": [
          -58.52108,
          -33.018212
        ]
      },
      "properties": {
        "name": "Bugnone Cepeda de Bonafini, María Elena",
        "description": "\"Negrita\" nació el 30 de mayo de 1953 en Gualeguaychú, Entre Ríos.\nHija de Enrique Bugnone y Elvira Cepeda, era la última de 7 hermanos (Ana María, Susana Elvira, Enrique Augusto, Estela Alicia, Marta Elsa-también desaparecida- y Esteban Horacio).\nCursó la escuela primaria en el Colegio Villa Malvina. Estudió Psicología en Rosario y más tarde se trasladó a La Plata para continuar allí sus estudios\ndonde conoció a Jorge Bonafini, con quien se casó en enero de 1975. Ambos militaban en el\nPartido Comunista Marxista Leninista (PCML).\nLuego del secuestro de Jorge, el 8 de febrero de 1977, María Elena se mudó a Buenos Aires,\ndonde continuó su militancia. Su hermana Marta y su cuñado Jorge habían sido secuestrados el 6 de diciembre de 1977.\nMaría Elena fue detenida - desaparecida el 25 de mayo de 1978 en Capital Federal, Buenos Aires. Sobrevivientes la vieron en el Centro Clandestino de Detención, Tortura y Exterminio (CCDTyE) El Banco.\nTenía 24 años y continúa desaparecida.",
        "fecha": "",
        "foto": "",
        "categoria": "Personas desaparecidas",
        "_umap_options": {
          "color": "crimson",
          "iconClass": "Circle"
        }
      }
    },
    {
      "type": "Feature",
      "geometry": {
        "type": "Point",
        "coordinates": [
          -58.52829,
          -33.002761
        ]
      },
      "properties": {
        "name": "Dezorzi Giacopuzzi, Oscar Alfredo",
        "description": "Oscar “El Ruso Pablo” nació el 16 de enero de 1951 en Gualeguaychú, Entre Ríos. \nEra empleado Público y estudiante de Ingeniería Mecánica en la Universidad Tecnológica Nacional (UTN). Estaba casado con Alicia Benetti con quien tenía un hijo de cinco meses llamado Emanuel. \nMilitante de la Juventud Peronista y Montoneros. \nOscar fue detenido - desaparecido el 10 de agosto de 1976 en Gualeguaychú, Entre Ríos por integrantes de la Policía Federal. \nSobrevivientes lo vieron en el Centro Clandestino de Detención, Tortura y Exterminio (CCDTyE) Escuadrón de Comunicaciones Blindado II, Comando de Brigada de Caballería Blindada II. \nTenía 25 años y continúa desaparecido.",
        "fecha": "",
        "foto": "",
        "categoria": "Personas desaparecidas",
        "_umap_options": {
          "color": "crimson",
          "iconClass": "Circle"
        }
      }
    },
    {
      "type": "Feature",
      "geometry": {
        "type": "Point",
        "coordinates": [
          -58.520393,
          -33.001034
        ]
      },
      "properties": {
        "name": "Fachino Delgui, Luis Mario",
        "description": "Luis nació el 19 de enero de 1941 en Gualeguaychú, Entre Ríos. \nEra asesor ejecutivo. \nLuis fue detenido – desaparecido el 25 de marzo de 1976 en Zárate, Buenos Aires. \nSobrevivientes lo vieron desde el 10 de abril de 1976 hasta el 15 de abril de 1976 en los Centros Clandestinos de Detención, Tortura y Exterminio (CCDTyE) El Tolueno, Barco \"Murature\", Pozo De Banfield, Comisaría 1ª De Moreno. \nTenía 35 años y continúa desaparecido.",
        "fecha": "",
        "foto": "",
        "categoria": "Personas desaparecidas",
        "_umap_options": {
          "color": "crimson",
          "iconClass": "Circle"
        }
      }
    },
    {
      "type": "Feature",
      "geometry": {
        "type": "Point",
        "coordinates": [
          -58.523998,
          -32.998946
        ]
      },
      "properties": {
        "name": "Fernandez Larrama, Hector Raúl",
        "description": "Hector nació el 20 de abril de 1921 en Gualeguaychú Entre Ríos. \nEra comerciante, estaba casado y tenía dos hijos: Héctor y Raúl. \nHéctor fue detenido – desaparecido el 29 de marzo de 1976 en Córdoba, junto a su hijo Raúl.\nTenía 54 años y continúa desaparecido.",
        "fecha": "",
        "foto": "",
        "categoria": "Personas desaparecidas",
        "_umap_options": {
          "color": "crimson",
          "iconClass": "Circle"
        }
      }
    },
    {
      "type": "Feature",
      "geometry": {
        "type": "Point",
        "coordinates": [
          -58.536444,
          -32.999234
        ]
      },
      "properties": {
        "name": "Fraccarolli Molina, Humberto Luis",
        "description": "“Pancho” nació el 26 de junio de 1951 en Gualeguaychú, Entre Ríos. \nEra único hijo de Aurora Cecilia Molina y de Máximo Fraccarolli. Aurora fue una de las\nfundadoras de Madres de Plaza de Mayo a nivel nacional.\nEstudió en la Escuela Normal y se recibió de maestro en el año 1968. Estaba casado y tenía un hijo llamado Nicolás. También era estudiante de Psicología de la Universidad Nacional de La Plata (UNLP) y  trabajaba en el Ministerio de Economía. \nMilitante del Partido Comunista Marxista Leninista (PCML). \nHumberto fue detenido - desaparecido el 23 de febrero de 1977. \nSobrevivientes lo vieron en los Centros Clandestinos de Detención, Tortura y Exterminio (CCDTyE) Arana, Comisaría 5ª y por última vez en octubre de 1978 en la Comisaría 8ª de La Plata. \nA Humberto lo asesinaron en los vuelos de la muerte y el Equipo Argentino de Antropología Forense (EAAF) exhumó e identificó sus restos en 2011, los que fueron hallados en diciembre de 1978 en las costas de las localidades de Pinamar y Villa Gessel y fueron enterrados como NN en una fosa común del Cementerio Municipal de General Lavalle, Buenos Aires, jurisdicción del 1º Cuerpo de Ejército. \nTenía 27 años.",
        "fecha": "",
        "foto": "",
        "categoria": "Personas desaparecidas",
        "_umap_options": {
          "color": "crimson",
          "iconClass": "Circle"
        }
      }
    },
    {
      "type": "Feature",
      "geometry": {
        "type": "Point",
        "coordinates": [
          -58.512325,
          -32.997146
        ]
      },
      "properties": {
        "name": "Gomez, Roberto Claudio",
        "description": "Nació el 12 de abril de 1946 en Gualeguaychú, Entre Ríos.\nEstaba casado, era obrero en la fábrica textil Grafa, y militaba en la Juventud Trabajadora Peronista (JTP)\nRoberto fue detenido - desaparecido el 13 de diciembre de 1976 en San Fernando., Buenos Aires. \nTenía 30 años y continúa desaparecido.",
        "fecha": "",
        "foto": "",
        "categoria": "Personas desaparecidas",
        "_umap_options": {
          "color": "crimson",
          "iconClass": "Circle"
        }
      }
    },
    {
      "type": "Feature",
      "geometry": {
        "type": "Point",
        "coordinates": [
          -58.517303,
          -32.996139
        ]
      },
      "properties": {
        "name": "Gonzalez Barquín, Norma Beatriz",
        "description": "“Noni” nació el 4 de septiembre de 1955 en Gualeguaychú, Entre Ríos.\nEra la tercera de cinco hermanos. Cursó sus estudios primarios en la Escuela Guillermo Rawson y el secundario en el Colegio Nacional Luis Clavarino recibiéndose de Perito Mercantil.\nEra empleada Privada del Supermercado El Picaflor. Militante de la Juventud Peronista (JP) y Montoneros.\nNoni fue detenida - desaparecida el 12 de agosto de 1976 en Gualeguaychú. Entre Ríos en un operativo del Ejército, con apoyo de la Policía de Entre Ríos. \nTenía 21 años y continúa desaparecida.\nSu madre nunca abandonó su búsqueda. Socializó su dolor y desde el inicio participó en la fundación del movimiento Madres de Plaza de Mayo y asumió un profundo compromiso por los derechos humanos.",
        "fecha": "",
        "foto": "",
        "categoria": "Personas desaparecidas",
        "_umap_options": {
          "color": "crimson",
          "iconClass": "Circle"
        }
      }
    },
    {
      "type": "Feature",
      "geometry": {
        "type": "Point",
        "coordinates": [
          -58.526058,
          -32.996283
        ]
      },
      "properties": {
        "name": "Guastavino Díaz, Enrique Gerardo Esteban",
        "description": "\"Resorte\" nació el 29 de diciembre de 1950 en la ciudad de Gualeguaychú, Entre Ríos. \nEra maestro normal, trabajador industrial y había comenzado a estudiar medicina en Buenos Aires.\nMilitaba en la Juventud Peronista y Montoneros.\nFue secuestrado el 17 de diciembre de 1976, a los 25 años, en un operativo ilegal de detención en las inmediaciones de la “Plaza de las Banderas” en Santa Fe capital, cuando iba a una cita nacional de Montoneros detectada previamente y llevado al Centro Clandestino de Detención (CCD) Comisaría Quinta de la Policía de Santa Fe y trasladado posteriormente por el Ejército. \nTenía 25 años y continúa desaparecido.",
        "fecha": "",
        "foto": "",
        "categoria": "Personas desaparecidas",
        "_umap_options": {
          "color": "crimson",
          "iconClass": "Circle"
        }
      }
    },
    {
      "type": "Feature",
      "geometry": {
        "type": "Point",
        "coordinates": [
          -58.506145,
          -33.002329
        ]
      },
      "properties": {
        "name": "Guastavino Diaz, Patricia Matilde Noemí",
        "description": "\"Chamarra\" nació el 17 de agosto de 1955 en Gualeguaychú, Entre Ríos.\nEra hermana de Guastavino Díaz Enrique, la cuarta hermana de 7 en total. \nEstudió en el Colegio Nacional Luis Clavarino, donde se recibió en 1972. En 1973 se fue a estudiar Bioquímica a La Plata. Al principio vivía con unas vecinas de su barrio de Gualeguaychú, las hermanas Cristina y Susana Marrocco. Después se mudó con su hermano Patricio, que también estudiaba en esa ciudad.\nEra militante de la Juventud Universitaria Peronista (JUP). Luego, en 1975, Patricia ingresó a las filas de Montoneros. \nFue asesinada el 22 de diciembre de 1976 en La Plata, Buenos Aires. Sus restos fueron recuperados por su familia y enterrados en el cementerio de su ciudad natal. \nTenía 21 años.",
        "fecha": "",
        "foto": "",
        "categoria": "Personas desaparecidas",
        "_umap_options": {
          "color": "crimson",
          "iconClass": "Circle"
        }
      }
    },
    {
      "type": "Feature",
      "geometry": {
        "type": "Point",
        "coordinates": [
          -58.520908,
          -33.009671
        ]
      },
      "properties": {
        "name": "Lahitte Izetta, Carlos Luis",
        "description": "\"Carlitos/Mingo\" nació el 16/09/1948 en Gualeguaychú, Entre Ríos. \nTrabajaba en un taller metalúrgico. Era militante en el Partido Revolucionario de os Trabajadores - Ejército Revolucionario del Pueblo (PRT-ERP).\nFue secuestrado el 02/03/1978 en su domicilio en Capital Federal. Fue asesinado junto a Laura Carlotto, el 25/08/1978 en la vía pública en Isidro Casanova, La Matanza.\nTenía 29 años.\nLaura Carlotto (hija de Estela de Carlotto) y Carlos Lahitte habían sido trasladados de La Cacha la noche del 24 de agosto de 1978 con la promesa de que serían liberados, pero horas más tarde serían ejecutados con disparos realizados a 30 centímetros de distancia. \nLos restos de Carlos fueron exhumados e identificados en noviembre de 1988 por el Equipo Argentino de Antropología Forense (EAAF). Se encontraban como NN en el Cementerio Municipal de Isidro Casanova (Cementerio de Villegas).",
        "fecha": "",
        "foto": "",
        "categoria": "Personas desaparecidas",
        "_umap_options": {
          "color": "crimson",
          "iconClass": "Circle"
        }
      }
    },
    {
      "type": "Feature",
      "geometry": {
        "type": "Point",
        "coordinates": [
          -58.509922,
          -33.01183
        ]
      },
      "properties": {
        "name": "Lahitte Izetta, Silvio Pedro",
        "description": "\"Flaco\" nació el 17 de noviembre de 1941 en Gualeguaychú. Hermano de Carlos Luis. Desde muy\njoven se mudó a Buenos Aires.\nSilvio se integró a la Acción Católica en la parroquia Santa Julia en Juan Bautista Alberdi, allí conoció a Lucía y se casaron en 1965. Tuvieron tres hijos: dos mujeres y un varón.\nMilitaba en el Partido Revolucionario de los Trabajadores - Ejército Revolucionario del Pueblo (PRT-ERP) donde se desempeñó en el Área Política de Prensa, en la revista El Combatiente. También trabajó en el Frente de Trabajadores Revolucionarios (Marítimos). \nFue secuestrado el 12 de mayo de 1978 en la vía pública, en Capital Federal.  \nTenía 36 años y continúa desaparecido.",
        "fecha": "",
        "foto": "",
        "categoria": "Personas desaparecidas",
        "_umap_options": {
          "color": "crimson",
          "iconClass": "Circle"
        }
      }
    },
    {
      "type": "Feature",
      "geometry": {
        "type": "Point",
        "coordinates": [
          -58.807068,
          -32.840366
        ]
      },
      "properties": {
        "name": "Magallán, Luis ALberto",
        "description": "Luis nació el 05/11/1953 en General Almada, Gualeguaychú, Entre Ríos. \nTrabajo en la fábrica de pinturas ESMALCO S.R.L.\nMilitaba en el PRT-ERP.\nFue secuestrado el 17/12/1975 en San Isidro, Buenos Aires. \nTenía 22 años y continúa desaparecido.",
        "fecha": "",
        "foto": "",
        "categoria": "Personas desaparecidas",
        "_umap_options": {
          "color": "crimson",
          "iconClass": "Circle"
        }
      }
    },
    {
      "type": "Feature",
      "geometry": {
        "type": "Point",
        "coordinates": [
          -58.520565,
          -32.994555
        ]
      },
      "properties": {
        "name": "Marrocco Bettendorff, Cristina Lucía ",
        "description": "\"Victoria\" nació el 25 de octubre de 1950 en Gualeguaychú, Entre Ríos. \nFue a estudiar a La Plata, junto a su hermana Susana. Allí vivieron primero en una pensión dirigida por monjas y pasado un año se fueron a vivir a un Colegio Mayor Universitario a cargo de un sacerdote católico. Estaba casada con Félix Eduardo Picardi Rodriguez. Trabajaba en la Clínica del Niño de la ciudad platense, y era profesora de Psicología y Pedagogía.\nFue secuestrada  junto a su esposo en su domicilio el 18/04/1977  en un operativo ilegal de detención.  \nTenía 26 años y estaba embarazada. \nFue vista en el Centro Clandestino de Detención Arana, Comisaría Octava de La Plata, Pozo de Banfield y en La Cacha.",
        "fecha": "",
        "foto": "",
        "categoria": "Personas desaparecidas",
        "_umap_options": {
          "color": "crimson",
          "iconClass": "Circle"
        }
      }
    },
    {
      "type": "Feature",
      "geometry": {
        "type": "Point",
        "coordinates": [
          -58.53241,
          -33.003625
        ]
      },
      "properties": {
        "name": "Marrocco Bettendorff, Susana María",
        "description": "\"Chana\" nació el 10 de julio de 1949 en Gualeguaychú, Entre Ríos.  \nUna vez terminados sus estudios tuvo que esperar un año a que su hermana Cristina terminara el\nsecundario para irse a estudiar a La Plata. Allí vivieron primero en una pensión dirigida por monjas y pasado un año se fueron a vivir a un Colegio Mayor Universitario a cargo de un sacerdote católico. Fue estudiante de Psicopedagogía en el Instituto Terrero hasta segundo año; y trabajaba en el Instituto Médico Asistencial de la Provincia, en La Plata (IOMA).\nFue secuestrada en un operativo ilegal de detención entre el 12 y 16 de abril de 1977 en la vía pública en La Plata, Buenos Aires. \nMilitaba en la JUP y Montoneros.\nFue vista en el Centro Clandestino de Detención Arana. El 28/06/1977 fue vista en el Centro Clandestina de Detención \"La Cacha\", del que fue trasladada a la \"Casa de Azul\" y luego devuelta a La Cacha. Su hermana Cristina fue detenida- desaparecida 2 días después.\nTenía 27 años, ella y su hermana continúan desaparecidas.",
        "fecha": "",
        "foto": "",
        "categoria": "Personas desaparecidas",
        "_umap_options": {
          "color": "crimson",
          "iconClass": "Circle"
        }
      }
    },
    {
      "type": "Feature",
      "geometry": {
        "type": "Point",
        "coordinates": [
          -58.514042,
          -33.012262
        ]
      },
      "properties": {
        "name": "Milano Angeramo, Luis Eduardo ",
        "description": "Luis Nació el 26 de agosto de 1959 en Gualeguaychú, Entre Ríos.\nFue secuestrado el 14 de mayo de 1977 en un establecimiento público “Bowling” en Lanús, junto a 2 compañeros.\nLos tres fueron ejecutados el 16 de mayo de 1977 en la vía pública a las 09:30hs en Ruta Panamericana (Acceso Sudeste) en Quilmes, Buenos Aires. \nTenía 17 años y continúa desaparecido.",
        "fecha": "",
        "foto": "",
        "categoria": "Personas desaparecidas",
        "_umap_options": {
          "color": "crimson",
          "iconClass": "Circle"
        }
      }
    },
    {
      "type": "Feature",
      "geometry": {
        "type": "Point",
        "coordinates": [
          -58.514385,
          -32.993691
        ]
      },
      "properties": {
        "name": "Orendi García de Recabarren, Raquel Ramona",
        "description": "Nació el 15 de enero de 1939 en Entre Ríos. \nCasada con Carlos Washington Recabarren.\nRaquel fue detenida – desaparecida el 01 de abril de 1976 en Capital Federal, junto a su esposo. \nTenía 38 años y continúa desaparecida.",
        "fecha": "",
        "foto": "",
        "categoria": "Personas desaparecidas",
        "_umap_options": {
          "color": "crimson",
          "iconClass": "Circle"
        }
      }
    },
    {
      "type": "Feature",
      "geometry": {
        "type": "Point",
        "coordinates": [
          -58.514385,
          -32.999162
        ]
      },
      "properties": {
        "name": "Pargas Fleitas de Camps, Rosa María. ",
        "description": "“Mirta” nació el 10 de agosto de 1949 en Gualeguaychú, Entre Ríos. \nHija de Roberto Raúl Pargas y María Fleitas. Tenía dos hermanos: Carlos Raúl y Alicia Leonor.\nCarlos también fue secuestrado y desaparecido. Estaba casada y tenía dos hijos: Mariano y Raquel. Se recibió de maestra en la Escuela Normal de Gualeguaychú, y tenía el título de Socióloga de la Universidad de La Plata. Militaba en Montoneros.\nRosa fue detenida en 1972 pasando por los penales de Villa Devoto y después de Rawson, donde conoció a su compañero Alberto Miguel Camps. En 1974 se exiliaron regresando al poco tiempo clandestinamente al país. \nFue detenida - desaparecida el 16 de agosto de 1977 en Lomas de Zamora, Buenos Aires. Su esposo Alberto Miguel Camps fue asesinado en ese mismo operativo. \nSobrevivientes la vieron en el Centro Clandestino de Detención (CCD) El Vesubio y Pozo de Quilmes. \nTenía 28 años y continúa desaparecida.",
        "fecha": "",
        "foto": "",
        "categoria": "Personas desaparecidas",
        "_umap_options": {
          "color": "crimson",
          "iconClass": "Circle"
        }
      }
    },
    {
      "type": "Feature",
      "geometry": {
        "type": "Point",
        "coordinates": [
          -58.507004,
          -32.995995
        ]
      },
      "properties": {
        "name": "Pargas Fleitas, Carlos Raúl",
        "description": "Carlos nació el 14 de diciembre de 1947 en Gualeguaychú, Entre Ríos. \nLe gustaba mucho cantar y tocar la guitarra. Estudiaba Medicina en la Universidad del Salvador y era empleado del Banco Nación. Estaba casado.\nCarlos militaba en Montoneros y fue secuestrado en su lugar de trabajo en el Banco de la Nación Argentina, el 12 de julio de 1976 en Retiro, CABA.\nSobrevivientes lo vieron en el Centro Clandestino de Detención (CCD) que funcionaba en la Superintendencia de Seguridad Federal (Coordinación General), situada en Moreno 1417 de la Ciudad de Buenos Aires.\nAsesinado el 20 de agosto de 1976 en la “Masacre de Fátima”, Camino de tierra vecinal que une la Ruta Nacional Nº 8 (altura Km 63/500) con Ruta Prov. Nº 6. Pilar. Buenos Aires. \nSus restos fueron recuperados por el Equipo Argentino de Antropología Forense (EAAF) en 2004 y llevados a Gualeguaychú donde fueron enterrados en el Espacio de la Memoria en el Cementerio Municipal. \nTenía 28 años.",
        "fecha": "",
        "foto": "",
        "categoria": "Personas desaparecidas",
        "_umap_options": {
          "color": "crimson",
          "iconClass": "Circle"
        }
      }
    },
    {
      "type": "Feature",
      "geometry": {
        "type": "Point",
        "coordinates": [
          -58.520479,
          -32.997578
        ]
      },
      "properties": {
        "name": "PIGHETTI FERNÁNDEZ, RAFAEL ALBERTO",
        "description": "RAFAEL ALBERTO “MARCA” nació el 06 de octubre de 1953 en Gualeguaychú, Entre Ríos.\nRafael fue secuestrado el 02 de agosto de 1977 en Wilde · Avellaneda · Buenos Aires. \nTenía 23 años.",
        "fecha": "",
        "foto": "",
        "categoria": "Personas desaparecidas",
        "_umap_options": {
          "color": "crimson",
          "iconClass": "Circle"
        }
      }
    },
    {
      "type": "Feature",
      "geometry": {
        "type": "Point",
        "coordinates": [
          -58.511982,
          -32.995059
        ]
      },
      "properties": {
        "name": "PON BENETTI, GUSTAVO ADOLFO",
        "description": "GUSTAVO ADOLFO nació el 28 de septiembre de 1944 en Gualeguaychú, Entre Ríos. \nEra el segundo de siete hermanos. Su padre Héctor tenía una zapatería y su madre Carola era ama de casa. \nEn su niñez la Parroquia fue su lugar de recreación y contacto social. A los 14 años decidió que iba a ser sacerdote. Estudió latín y se anotó en 1959 en el Seminario de Paraná. Hizo cuatro años de Humanidades y en 1963 ingresó al Seminario Mayor, donde durante 6 años estudió Filosofía.\nAl hacer crisis con la vida célibe exigida, abandona el Seminario y los estudios religiosos. Comenzó a cursar en la Universidad Católica de Santa Fe; egresando de la misma con el profesorado y la licenciatura en Filosofía. Aparte, se anotó en Derecho y se recibió de Notario. Comenzó a dar clases en Venado Tuerto y Esperanza.\nPara 1970 comenzó a dar clases en la Facultad de Ciencias Económicas de la Universidad Católica de Santa Fé y en 1973 en la estatal de la UNL. En el año 1972 dejó de lado una beca otorgada para hacer el doctorado en Filosofía en la \nUniversidad de Lovaina, Bélgica; prefirió quedarse en nuestro país luchando contra la dictadura del General Lanusse. Primero trabajó en la Comisión de Familiares de Presos Políticos y luego en el grupo de profesionales peronistas creado con el fin de poner sus conocimientos al servicio del campo popular.\nEn 1973 se casó con su compañera Clarisa Niklison naciendo su único hijo, Matías, un año después. \nProfesor de la Universidad Nacional del Litoral (UNL).\nGustavo fue detenido – desaparecido en agosto de 1977 presumiblemente en la vía pública en Rosario, Santa Fe. \nSus restos fueron recuperados por el Equipo Argentino de Antropología Forense (EAAF) en el 2010 en el Campo de San Pedro, Laguna Paiva, y fueron inhumados en el Cementerio Lar de Paz de la ciudad de Santa Fe en 2011. Tenía 32 años.",
        "fecha": "",
        "foto": "",
        "categoria": "Personas desaparecidas",
        "_umap_options": {
          "color": "crimson",
          "iconClass": "Circle"
        }
      }
    },
    {
      "type": "Feature",
      "geometry": {
        "type": "Point",
        "coordinates": [
          -58.509493,
          -33.004921
        ]
      },
      "properties": {
        "name": "RAFFO PERUZZO, ORLANDO LUIS",
        "description": "ORLANDO LUIS “Lito” nació el 19 de junio de 1952 en Gualeguaychú.\nCreció en un hogar católico y a los 9 años ingresó a un pre-seminario local donde terminó la primaria, y luego en el Seminario de Paraná hizo la secundaria. Se fue de allí con la convicción de ser fiel al evangelio desde otro lugar. \nTras finalizar el Servicio Militar Obligatorio se radicó en Buenos Aires para estudiar arquitectura en la Universidad Nacional de Buenos Aires (UBA), llegando a cursar hasta el 4to año. \nOrlando se desempeñó en distintos trabajos temporarios para costear su carrera hasta que logró ingresar en la sede del Banco de Entre Ríos de Capital \nFederal. Allí, siguiendo los pasos de su padre, fue un activo militante sindical, junto a José Ismael Acevedo, oriundo de Nogoyá y Juan Carlos Fulini de Concepción del Uruguay.",
        "fecha": "",
        "foto": "",
        "categoria": "Personas desaparecidas",
        "_umap_options": {
          "color": "crimson",
          "iconClass": "Circle"
        }
      }
    },
    {
      "type": "Feature",
      "geometry": {
        "type": "Point",
        "coordinates": [
          -58.51018,
          -32.999594
        ]
      },
      "properties": {
        "name": "REY BENTANCOURT, EDUARDO RAYMUNDO",
        "description": "EDUARDO RAYMUNDO “Lalo” nació el 06 de enero de 1928 en Gualeguaychú, Entre Ríos. \nSu padre, Julio Benjamín Rey, pero a quien todos conocían como “Ramón”, tenía su casa y su taller de herrería en la zona de la actual terminal. Su madre se llamaba Emma Elvira Bentacourt y allí criaron a sus 9 hijos: Rina, Belarmina, Amira, Esther, Elida, Rogelio, Héctor Inocencio, Domingo y Eduardo Raymundo, el menor de los hermanos.\nLa vida, la necesidad, la esperanza, llevaron a Eduardo Raymundo y también a \nsus hermanos Héctor Inocencio, Emiliano “Mincho”, y otros familiares, a la zona \nnorte del Gran Buenos Aires. Allí Lalo abrazó la política, la preocupación por sus compañeros de trabajo, por su barrio.\nObrero fabril. Trabajaba en la autopartista Del Carlo, ubicada en Beccar, partido \nde San Isidro\nEduardo fue detenido – desaparecido el 14 de abril de 1976 en General Pacheco. Tigre, Buenos Aires. \nSobrevivientes lo vieron en el Centro Clandestino de Detención, Tortura y Exterminio (CCDTyE) El Campito (Guarnición Militar de Campo de Mayo). Tenía 47 años.",
        "fecha": "",
        "foto": "",
        "categoria": "Personas desaparecidas",
        "_umap_options": {
          "color": "crimson",
          "iconClass": "Circle"
        }
      }
    },
    {
      "type": "Feature",
      "geometry": {
        "type": "Point",
        "coordinates": [
          -58.517303,
          -32.993403
        ]
      },
      "properties": {
        "name": "RISSO MOUSSOU, DANIEL JORGE",
        "description": "DANIEL JORGE “Indio Juan/Negro” nació el 23 de febrero de 1950 en Gualeguaychú, Entre Ríos. \nCasado. Dos hijos.\nProfesor de Educación Física, cursó la carrera en el Instituto \"Manuel Belgrano\" de San Fernando, Buenos Aires. Trabajó como docente del área en la Escuela \"Jesús en el Huerto de los Olivos\" en Vicente López. Estudiante de Ciencias de la Educación en la Universidad Nacional de Buenos Aires (UBA). \nApasionado por la fotografía. Militante del Movimiento Revolucionario 17 de octubre (MR17 - FR 17).\nDaniel fue detenido-desaparecido el 11 de septiembre de 1977 en su domicilio de Hurlingham (ex Morón), Buenos Aires, junto a su esposa Norma Lidia \"Petisa\" Puerto de Risso.\nDaniel y Norma fueron vistos en el Centro Clandestino de Detención (CCD) Club Atlético. \nTenía 27 años.",
        "fecha": "",
        "foto": "",
        "categoria": "Personas desaparecidas",
        "_umap_options": {
          "color": "crimson",
          "iconClass": "Circle"
        }
      }
    },
    {
      "type": "Feature",
      "geometry": {
        "type": "Point",
        "coordinates": [
          -58.531466,
          -32.994987
        ]
      },
      "properties": {
        "name": "SAVOY BOFFELLI, ADELA CRISTINA",
        "description": "ADELA CRISTINA “Leli\" nació en 10 de abril de 1953 en Gualeguaychú, Entre Ríos. \nAdela era la tercera de cinco hermanos; hija de Rafael Francisco Savoy y Odina Julieta Boffelli. \nEstudió en la Escuela Normal Olegario Víctor Andrade, de donde egresó en \n1971.\nA los 19 años, junto a su hermana Marita se fue a estudiar Arquitectura a la Universidad Nacional de la Plata (UNLP). \nEra militante de la Juventud Universitaria Peronista (JUP). Adela fue detenida – desaparecida el 17 de diciembre de 1976 en La Plata. Buenos Aires. \nAsesinada el 05 de enero de 1977 en La Matanza. Buenos Aires. Tenía 23 años.\nSus restos fueron recuperados por el Equipo Argentino de Antropología Forense (EAAF) del Cementerio Municipal De Isidro Casanova (\"Cementerio De Villegas”) en agosto de 2014.",
        "fecha": "",
        "foto": "",
        "categoria": "Personas desaparecidas",
        "_umap_options": {
          "color": "crimson",
          "iconClass": "Circle"
        }
      }
    },
    {
      "type": "Feature",
      "geometry": {
        "type": "Point",
        "coordinates": [
          -58.882985,
          -32.692518
        ]
      },
      "properties": {
        "name": "Sosa, Ignacio José",
        "description": "Ignacio nació el 20 de abril de 1925 en Urdinarrain, Gualeguaychú, Entre Ríos. \nEmpleado en Meller Saicicya.\nIgnacio fue detenido – desaparecido el 22 de marzo de 1976 en Capital Federal. Tenía 50 años.",
        "fecha": "",
        "foto": "",
        "categoria": "Personas desaparecidas",
        "_umap_options": {
          "color": "crimson",
          "iconClass": "Circle"
        }
      }
    },
    {
      "type": "Feature",
      "geometry": {
        "type": "Point",
        "coordinates": [
          -58.517904,
          -33.009743
        ]
      },
      "properties": {
        "name": "TREPTOW SILVA de DE CICCO, Marta Graciela",
        "description": "Marta nació el 20 de enero de 1953 en Gualeguaychú, Entre Ríos.  \nHija de María Dolores Silva y Carlos Guillermo Treptow. \nCasada con Oscar De Cicco, también desaparecido. \nEmpleada Comercial.  \nMilitante de Montoneros. \nMarta fue detenida – desaparecida el 14 de abril de 1977 en San Martín,  Buenos Aires. Ese mismo día su compañero Oscar fue asesinado cuando fuerzas represivas que intentaban secuestrarlo. Tenía 24 años.",
        "fecha": "",
        "foto": "",
        "categoria": "Personas desaparecidas",
        "_umap_options": {
          "color": "crimson",
          "iconClass": "Circle"
        }
      }
    },
    {
      "type": "Feature",
      "geometry": {
        "type": "Point",
        "coordinates": [
          -58.933582,
          -32.537118
        ]
      },
      "properties": {
        "name": "Vera, Julian Román",
        "description": "Julian nació el 23 de marzo de 1929 en Gilbert, Gualeguaychú. Entre Ríos.  \nEmpleado de la Empresa de Transporte \"El Correcaminos”.  \nMilitante de la Juventud Trabajadora Peronista (JTP) \nJulian fue detenido – desaparecido el 18 de mayo de 1977 en su lugar de  trabajo en la Empresa de transporte \"El Correcaminos Bonpland 1443, Palermo. Capital Federal.  \nSobrevivientes lo vieron en el Centro Clandestino de Detención, Tortura y Exterminio (CCDTyE) de la ESMA. Tenía 46 años.",
        "fecha": "",
        "foto": "",
        "categoria": "Personas desaparecidas",
        "_umap_options": {
          "color": "crimson",
          "iconClass": "Circle"
        }
      }
    },
    {
      "type": "Feature",
      "geometry": {
        "type": "Point",
        "coordinates": [
          -57.991333,
          -31.02234
        ]
      },
      "properties": {
        "name": "Benítez Álvarez, Nelson Aníbal",
        "description": "Nació el 23 de mayo de 1936 en Federación, Entre Ríos. Estaba casado y tenía una hija. \nNelson fue secuestrado el 21 de marzo de 1975 en el Barrio San José, Lomas de Zamora, Buenos Aires.\nFue asesinado el 21 de marzo de 1975 en Alte. Brown, Buenos Aires, en la masacre conocida como “Masacre de Pasco”. Su cuerpo apareció más tarde en un descampado acribillado a balazos y dinamitado.\nTenía 38 años.",
        "fecha": "",
        "foto": "",
        "categoria": "Personas desaparecidas",
        "_umap_options": {
          "color": "crimson",
          "iconClass": "Circle"
        }
      }
    },
    {
      "type": "Feature",
      "geometry": {
        "type": "Point",
        "coordinates": [
          -58.046265,
          -31.045875
        ]
      },
      "properties": {
        "name": "Bonín Briozzi, Roberto Eduardo",
        "description": "El “Negro” nació el 28 de febrero de 1949 en la ciudad de Federación, Entre Ríos. \nHijo de Nilda Lucía Briozzi y Eliseo Roberto Bonín. Hermano de Alcides Ernesto (quien también estuvo secuestrado, fue liberado y se exilió en Suecia), Diana,\nLilian, Silvia, Marisa y Nora. \nCursó la escuela primaria en la Escuela Nº 1 “Carlos Pellegrini” de Federación.\nContrajo matrimonio con Norma Estela Campano.\nTrabajó en el Astillero Río Santiago en Ensenada provincia de Buenos Aires donde era delegado. Militante del Partido Comunista Marxista Leninista (PCML). \nRoberto fue detenido – desaparecido el 23 de febrero de 1977 en el consultorio odontológico de su compañera en la ciudad de La Plata. La policía intimó a que salgan los que estaban en el consultorio, así lo hicieron y Roberto fue secuestrado junto a su esposa y otros presentes.\nSobrevivientes lo vieron en los Centros Clandestinos de detención, Tortura y Extermino (CCDTyE) Comisaría 5ª de la Plata, Comisaría 8ª de La Plata (Villa Elvira), Club Atlético. \nTenía 28 años y aún continúa desaparecido.",
        "fecha": "",
        "foto": "",
        "categoria": "Personas desaparecidas",
        "_umap_options": {
          "color": "crimson",
          "iconClass": "Circle"
        }
      }
    },
    {
      "type": "Feature",
      "geometry": {
        "type": "Point",
        "coordinates": [
          -57.963867,
          -30.758359
        ]
      },
      "properties": {
        "name": "Chervo Candarle de Gonzáles, Leonor Victorina ",
        "description": "Nació el 11 de septiembre de 1927 en Chajarí, Federación. Entre Ríos. Era ama de casa, estaba casada y tenía dos hijos.\nMilitaba en el Partido Revolucionario de los Trabajadores-Ejército Revolucionario del Pueblo\n(PRT-ERP) junto a sus hijos. \nLeonor fue detenida – desaparecida el 25 de abril de 1977 en Posadas, Misiones. Sobrevivientes la vieron en los Centros Clandestinos de Detención (CCD) Servicio de Informaciones de la Policía de Posadas y en La Casita, que era el destacamento policial Mártires (Casita de los Mártires), y según\ninformación recogida por su familia, también estuvo secuestrado en el CCD Jefatura de Policía\nde Misiones/Departamento de Informaciones.\nTenía 49 años y continúa desaparecida.",
        "fecha": "",
        "foto": "",
        "categoria": "Personas desaparecidas",
        "_umap_options": {
          "color": "crimson",
          "iconClass": "Circle"
        }
      }
    },
    {
      "type": "Feature",
      "geometry": {
        "type": "Point",
        "coordinates": [
          -57.933655,
          -30.81027
        ]
      },
      "properties": {
        "name": "Confalonieri Villanueva, Néstor Alfredo",
        "description": "“Canfa” nació el 12 de septiembre de 1955 en Chajarí. Vivió gran parte de su vida en Mar del Plata.\nEstudió en el Colegio Industrial de Mar del Plata, en esa época E.N.E.T. Nº1, de la calle 14 de Julio y Alberti, en la rama Electrónica, y obteniendo el título de Técnico en Electrónica en el año 1974. \nA principios de 1976 contrajo matrimonio con Elena Ferreiro. \nAmbos eran militantes del Partido Socialista de los Trabajadores (PST).\nNéstor fue detenido – desaparecido el 22 de noviembre de 1976 en la Zona céntrica Mar del Plata, Buenos Aires. \nTenía 21 años. \nSu compañera Elena había sido secuestrada un mes antes. Sobrevivientes lo vieron en el Centro Clandestino de Detención (CCD) Escuela de Suboficiales de Infantería de Marina (ESIM).\nNéstor continúa desaparecido.",
        "fecha": "",
        "foto": "",
        "categoria": "Personas desaparecidas",
        "_umap_options": {
          "color": "crimson",
          "iconClass": "Circle"
        }
      }
    },
    {
      "type": "Feature",
      "geometry": {
        "type": "Point",
        "coordinates": [
          -57.99408,
          -30.791396
        ]
      },
      "properties": {
        "name": "Díaz Camisasca, Pacífico Francisco ",
        "description": "\"Ico\" nació el 23 de abril de 1940 en Chajarí y era arquitecto. Vivía en La Plata y se desempeñó como docente en la Facultad de Arquitectura de la UNLP. \nSe destacó como dirigente de los docentes agrupados en la Juventud Trabajadora Peronista (JTP). \nEn 1973 fue atacado a tiros por un comando de la CNU (Concertación Nacional Universitaria) en las galerías de la Facultad, pero logró sobrevivir. \nTambién fue militante de Montoneros. \nPacífico fue detenido -desaparecido entre el 30 de noviembre y el 2 de diciembre de 1976 en La Plata, Buenos Aires. \nSobrevivientes lo vieron en los Centros Clandestinos de Detención, Tortura y Exterminio (CCDTyE) División Cuatrerismo (Destacamento De Arana) y Comisaría 5º de La Plata. \nPacífico fue asesinado el 3 de febrero de 1977 en Tres de Febrero, Buenos Aires y enterrado como NN.\nSus restos fueron recuperados por el Equipo Argentino de Antropología Forense (EAAF) y enterrados en el Cementerio Municipal de Concordia.\nTenía 36 años.",
        "fecha": "",
        "foto": "",
        "categoria": "Personas desaparecidas",
        "_umap_options": {
          "color": "crimson",
          "iconClass": "Circle"
        }
      }
    },
    {
      "type": "Feature",
      "geometry": {
        "type": "Point",
        "coordinates": [
          -58.035278,
          -30.996446
        ]
      },
      "properties": {
        "name": "Espíndola de Jesús, Carlos Ernesto",
        "description": "Nació el 18 de mayo de 1947 en Federación. Entre Ríos. Era empleado y delegado en Molinos Rio de la Plata. Formaba parte de la Regional Zona Sur de la Confederación General del Trabajo en la Resistencia (CGTR). \nFue militante de Montoneros.\nCarlos fue detenido – desaparecido el 08 de diciembre de 1976 en Capital Federal. Sobrevivientes lo vieron en el Centro Clandestino de Detención (CCD) Garage Azopardo V.\nTenía 29 años y continúa desaparecido.",
        "fecha": "",
        "foto": "",
        "categoria": "Personas desaparecidas",
        "_umap_options": {
          "color": "crimson",
          "iconClass": "Circle"
        }
      }
    },
    {
      "type": "Feature",
      "geometry": {
        "type": "Point",
        "coordinates": [
          -58.02412,
          -31.366976
        ]
      },
      "properties": {
        "name": " Hijos e Hijas por la Identidad, la Justicia contra el Olvido y el Silencio (H.I.J.O.S). Regional Concordia.",
        "description": "Agrupación fundada en el año 2014 en la ciudad de Concordia, de la mano de Jorge Zalasar, hijo de Sixto Zalasar, concordiense detenido-desaparecido durante la última dictadura cívico-militar. \nForma parte de RODHER.\n\n**Twitter:** @HIJOSConcordia",
        "fecha": "",
        "foto": "",
        "categoria": "Organismos de DDHH",
        "_umap_options": {
          "color": "green",
          "iconClass": "Circle"
        }
      }
    },
    {
      "type": "Feature",
      "geometry": {
        "type": "Point",
        "coordinates": [
          -59.312611,
          -33.145888
        ]
      },
      "properties": {
        "name": "Asamblea Permanente por los Derechos Humanos (APDH)",
        "description": "Forma parte de RODHER.\n\n**Facebook:** Asamblea Permanente Por Los Ddhh Gualeguay\n**Instagram:** apdh.gualeguay",
        "fecha": "",
        "foto": "",
        "categoria": "Organismos de DDHH",
        "_umap_options": {
          "color": "green",
          "iconClass": "Circle"
        }
      }
    },
    {
      "type": "Feature",
      "geometry": {
        "type": "Point",
        "coordinates": [
          -60.525098,
          -31.736051
        ]
      },
      "properties": {
        "name": "Asociación de Ex presos “La solapa” ",
        "description": "Forma parte de RODHER.\n\n**Facebook:** La Solapa - Paraná\n**Instagram:** lasolapaentrerios\n**Correo electrónico:** lasolapa2@gmail.com\n**Teléfono:** 343-512-4179",
        "fecha": "",
        "foto": "",
        "categoria": "Organismos de DDHH",
        "_umap_options": {
          "color": "green",
          "iconClass": "Circle"
        }
      }
    },
    {
      "type": "Feature",
      "geometry": {
        "type": "Point",
        "coordinates": [
          -60.527458,
          -31.740066
        ]
      },
      "properties": {
        "name": "Asociación de Familiares y Amigos de Desaparecidos de Entre Ríos (AFADER)",
        "description": "Es la primera asociación de Derechos Humanos creada posdictadura en nuestra provincia. La misma, fue fundada en 1994 en la ciudad de Paraná. \nForma parte de RODHER.\n\n**Facebook:** Afader Asoc Fliares Desaparecidos ER",
        "fecha": "",
        "foto": "",
        "categoria": "Organismos de DDHH",
        "_umap_options": {
          "color": "green",
          "iconClass": "Circle"
        }
      }
    },
    {
      "type": "Feature",
      "geometry": {
        "type": "Point",
        "coordinates": [
          -58.011761,
          -31.367855
        ]
      },
      "properties": {
        "name": "Asociación de Familiares y Amigos de Detenidos Desaparecidos y ex Presos Políticos de Concordia. ",
        "description": "Forma parte de RODHER",
        "fecha": "",
        "foto": "",
        "categoria": "Organismos de DDHH",
        "_umap_options": {
          "color": "green",
          "iconClass": "Circle"
        }
      }
    },
    {
      "type": "Feature",
      "geometry": {
        "type": "Point",
        "coordinates": [
          -58.139219,
          -32.224855
        ]
      },
      "properties": {
        "name": "Comisión Permanente por los Derechos Humanos del Departamento Colón",
        "description": "Forma parte de RODHER.\n\n**Facebook:** Comisión Permanente de Derechos Humanos del Departamento Colón\n**Correo electrónico:** copedehu@gmail.com\n**Número de teléfono:** 3447 15-64-6693",
        "fecha": "",
        "foto": "",
        "categoria": "Organismos de DDHH",
        "_umap_options": {
          "color": "green",
          "iconClass": "Circle"
        }
      }
    },
    {
      "type": "Feature",
      "geometry": {
        "type": "Point",
        "coordinates": [
          -58.255348,
          -32.479646
        ]
      },
      "properties": {
        "name": "Comisión por Memoria, Verdad y Justicia",
        "description": "**Facebook:** Comisión por Memoria, Verdad y Justicia de Concepción del Uruguay\nForma parte de RODHER",
        "fecha": "",
        "foto": "",
        "categoria": "Organismos de DDHH",
        "_umap_options": {
          "color": "green",
          "iconClass": "Circle"
        }
      }
    },
    {
      "type": "Feature",
      "geometry": {
        "type": "Point",
        "coordinates": [
          -58.231058,
          -32.485945
        ]
      },
      "properties": {
        "name": "Familiares de Detenidos Desaparecidos",
        "description": "Forma parte de RODHER.",
        "fecha": "",
        "foto": "",
        "categoria": "Organismos de DDHH",
        "_umap_options": {
          "color": "green",
          "iconClass": "Circle"
        }
      }
    },
    {
      "type": "Feature",
      "geometry": {
        "type": "Point",
        "coordinates": [
          -60.529904,
          -31.733277
        ]
      },
      "properties": {
        "name": "Hijos e Hijas por la Identidad, la Justicia contra el Olvido y el Silencio (H.I.J.O.S). Regional Paraná.",
        "description": "Forma pare de RODHER.\n\n**Correo electrónico:**  hijos_parana@yahoo.com.ar\n**Instagram:** hijosparana \n**Facebook:** HIJOS Paraná",
        "fecha": "",
        "foto": "",
        "categoria": "Organismos de DDHH",
        "_umap_options": {
          "color": "green",
          "iconClass": "Circle"
        }
      }
    },
    {
      "type": "Feature",
      "geometry": {
        "type": "Point",
        "coordinates": [
          -60.52954,
          -31.735577
        ]
      },
      "properties": {
        "name": "Liga Argentina por los Derechos del Hombre",
        "description": "Esta asociación se constituyó en agosto del año 2022 y Silvia Garnier, docente, militante, tía de la nieta recuperada 126 es la responsable de la Filial Entre Ríos de la Liga.\nForma parte de RODHER.",
        "fecha": "",
        "foto": "",
        "categoria": "Organismos de DDHH",
        "_umap_options": {
          "color": "green",
          "iconClass": "Circle"
        }
      }
    },
    {
      "type": "Feature",
      "geometry": {
        "type": "Point",
        "coordinates": [
          -58.523483,
          -33.004489
        ]
      },
      "properties": {
        "name": "Madres de Plaza de Mayo Gualeguaychú",
        "description": "Formar parte de RODHER.\n\n**Facebook:** Madres De Plaza De Mayo Gualeguaychú.",
        "fecha": "",
        "foto": "",
        "categoria": "Madres / CDD",
        "_umap_options": {
          "color": "gold",
          "iconClass": "Circle"
        }
      }
    },
    {
      "type": "Feature",
      "geometry": {
        "type": "Point",
        "coordinates": [
          -59.013748,
          -31.847524
        ]
      },
      "properties": {
        "name": "Memoria Colectiva",
        "description": "Forma parte de RODHER.\n\n**Facebook:** Memoria ColectivaVguay",
        "fecha": "",
        "foto": "",
        "categoria": "Organismos de DDHH",
        "_umap_options": {
          "color": "green",
          "iconClass": "Circle"
        }
      }
    },
    {
      "type": "Feature",
      "geometry": {
        "type": "Point",
        "coordinates": [
          -60.526911,
          -31.732876
        ]
      },
      "properties": {
        "name": "Registro Único de la Verdad",
        "description": "Organismo provincial dependiente del Ministerio de Gobierno y Justicia de la Provincia de Entre Ríos, fue creado on la finalidad de concentrar, sistematizar y garantizar el acceso a la información, antecedentes y documentación referida al accionar del Terrorismo de Estado en Entre Ríos o contra entrerrianos hasta el 10 de diciembre de 1983.\n\n**Dirección:** Andrés Pazos 210- Planta Alta. Paraná\n**Contacto:** 0343 423-4310\n**Correo electrónico:** registrounicodelaverdad@entrerios.gov.ar \n**Facebook:** Registro único de la Verdad",
        "fecha": "",
        "foto": "",
        "categoria": "Organismos de DDHH",
        "_umap_options": {
          "color": "green",
          "iconClass": "Circle"
        }
      }
    },
    {
      "type": "Feature",
      "geometry": {
        "type": "Point",
        "coordinates": [
          -60.52484,
          -31.733615
        ]
      },
      "properties": {
        "name": "RODHER: Red de organismos de Derechos Humanos de Entre Ríos",
        "description": "Red que nuclea todas las organizaciones de Derechos Humanos de la Provincia de Entre Ríos.",
        "fecha": "",
        "foto": "",
        "categoria": "Organismos de DDHH",
        "_umap_options": {
          "color": "green",
          "iconClass": "Circle"
        }
      }
    },
    {
      "type": "Feature",
      "geometry": {
        "type": "Point",
        "coordinates": [
          -58.046951,
          -31.37152
        ]
      },
      "properties": {
        "name": " Margarita Aurora Papetti",
        "description": "Madre del desaparecido Jorge Emilio Papetti e histórica militante por los derechos humanos de Concordia.\nLamentablemente los tiempos de la Justicia impidieron que Margarita llegue a presenciar la sentencia en la causa que juzga la desaparición de su hijo, Jorge Emilio Papetti, y esta es una razón más para redoblar esfuerzos y seguir trabajando en el avance concreto y efectivo de las causas por delitos de lesa humanidad”. \nLa causa por la desaparición de Papetti constituye un desprendimiento de Área Paraná, que llegó a una sentencia en diciembre del año pasado, 12 años después de su reapertura tras la declaración de nulidad de las leyes de Obediencia Debida y Punto Final. Papetti fue secuestrado en el Regimiento de Concordia mientras hacía la conscripción, y trasladado luego a la Unidad Penal de Paraná. Por su desaparición están imputados Gonzalo Jaime López Belsué, Naldo Miguel Dasso y José Anselmo Appelhans.",
        "fecha": "",
        "foto": "",
        "categoria": "Personas desaparecidas",
        "_umap_options": {
          "color": "crimson",
          "iconClass": "Circle"
        }
      }
    },
    {
      "type": "Feature",
      "geometry": {
        "type": "Point",
        "coordinates": [
          -60.509605,
          -31.727145
        ]
      },
      "properties": {
        "name": "Amanda Mayor",
        "description": "La artista nació en Paraná en 1929 y tuvo una intensa actividad como muralista, pintora, escultora y escritora. Además fue una luchadora por los derechos humanos desde el asesinato de uno de sus hijos, Fernando Piérola, en la Masacre de Margarita Belén  en la provincia de Chaco, el 13 de diciembre de 1976 durante la última dictadura cívico militar (1976-1983).\nAmanda Mayor es la autora del Monumento a la Memoria.La construcción generó un intenso debate político que fue saldado con la aprobación de la ordenanza 7.509 que autorizó su emplazamiento en esta plaza Sáenz Peña. Se trata del primer monumento del país en recordar a los desaparecidos y es el punto de concentración de los actos por los Derechos Humanos como la marcha del Día de la Memoria, cada 24 de marzo.",
        "fecha": "",
        "foto": "",
        "categoria": "Personas desaparecidas",
        "_umap_options": {
          "color": "crimson",
          "iconClass": "Circle"
        }
      }
    },
    {
      "type": "Feature",
      "geometry": {
        "type": "Point",
        "coordinates": [
          -58.544083,
          -33.002905
        ]
      },
      "properties": {
        "name": "Aurora Molina de Fraccarolli",
        "description": "Nació en el sur argentino, en una estancia en Chubut, en el año 1921. \nEn 1946, conoció en Coronel Vidal (Buenos Aires) a quien fue su marido, Máximo Fraccarolli. Se casaron, vivieron en Sarandí, dónde él tenía a sus padres y su taller mecánico y allí, en el año 1951, nació su hijo, Humberto. Un año después se mudaron a Gualeguaychú, Máximo entró en el Frigorífico Gualeguaychú y Aurora comenzó a trabajar de costurera, siendo excelente modista. \nHumberto, luego de finalizar el colegio secundario, se fue a estudiar medicina a Buenos Aires y luego Psicología a La Plata, donde comenzó su militancia política. \nEl 23 de febrero de 1977 fue secuestrado por las fuerzas represivas de la dictadura, y Aurora y Máximo comenzaron inmediatamente la búsqueda y el reclamo. Aurora participó desde los inicios en Madres de Plaza de Mayo, y se convirtió en una referente importantísima en la organización, en la lucha por los derechos humanos y en el proceso de memoria local. \nFalleció el 12 de agosto del 2006. Los restos de Humberto fueron identificados por el Equipo Argentino de Antropología Forense en una fosa común en Gral. Lavalle (Pcia. De Buenos Aires) en 2009.",
        "fecha": "",
        "foto": "",
        "categoria": "Personas desaparecidas",
        "_umap_options": {
          "color": "crimson",
          "iconClass": "Circle"
        }
      }
    },
    {
      "type": "Feature",
      "geometry": {
        "type": "Point",
        "coordinates": [
          -58.554726,
          -33.013558
        ]
      },
      "properties": {
        "name": "Blanca Díaz de Garnier",
        "description": "Blanca era amante del tango y el folclore. También le gustaba el teatro y en sus ratos libres escribía, era su forma de expresarse, decía. Con su voz dulce y calma solía recitar alguna que otra de sus poesías. \nEl hijo de Blanca, Edgardo Garnier, fue desaparecido en La Plata el 8 de febrero de 1977, junto a su esposa.\nA partir de su búsqueda y de la de su nieta nacida en cautiverio, fue que se encontró con otras Madres y Abuelas de Plaza de Mayo.\nFue en el año 2017 que pudo reencontrarse con su nieta. \nFinalmente falleció en el año 2023 en Concepción del Uruguay, Entre Ríos.",
        "fecha": "",
        "foto": "",
        "categoria": "Personas desaparecidas",
        "_umap_options": {
          "color": "crimson",
          "iconClass": "Circle"
        }
      }
    },
    {
      "type": "Feature",
      "geometry": {
        "type": "Point",
        "coordinates": [
          -58.550949,
          -33.007512
        ]
      },
      "properties": {
        "name": "Blanca María Ingold de Angerosa",
        "description": "Nació el 23 de agosto de 1921 en Gualeguaychú. Hija de inmigrante suizo y madre uruguaya, Blanca transitó una infancia muy feliz en el campo. En su juventud conoció a Emilio Angerosa, un joven empleado de la Farmacia Boretto, con quien formó una familia. Tuvieron cuatro hijos: Guillermo Daniel, Hugo Miguel, Leticia y Blanquita. \nEl 17 de febrero del 1976 la dictadura genocida secuestró a su hijo Daniel, médico y militante político en la ciudad de Santa Fe y en octubre de ese mismo año su hijo Hugo fue detenido en su domicilio, permaneciendo desaparecido durante dos semanas. Desde entonces, Daniel permanece desaparecido. Pero el terror no terminaría allí. El 23 de febrero de 1978 su hija Blanquita, de 19 años de edad, estudiante y militante política, fue secuestrada en la ciudad de Buenos Aires. De acuerdo a los testimonios de compañeras de cautiverio en el Centro Clandestino de Detención“El Vesubio”, Blanquita estaba embarazada y a mediados de agosto de ese año nació su hijo Pedro, que luego fue apropiado ilegalmente por sus represores. Ambos permanecen desaparecidos.\nBlanca, como gran parte de las Madres, inició una incesante búsqueda de sus hijos y su nieto; acudió Juzgados, comisarias y regimientos, obispados de la Iglesia, sin encontrar respuesta. Ese camino no lo hizo sola sino con otras madres, que transitaban el mismo dolor, la misma búsqueda, la misma incertidumbre, el mismo coraje. Blanca participó desde los inicios en Madres de Plaza de Mayo Gualeguaychú.\nFalleció el 4 de agosto de 2009.",
        "fecha": "",
        "foto": "",
        "categoria": "Personas desaparecidas",
        "_umap_options": {
          "color": "crimson",
          "iconClass": "Circle"
        }
      }
    },
    {
      "type": "Feature",
      "geometry": {
        "type": "Point",
        "coordinates": [
          -60.51321,
          -31.732255
        ]
      },
      "properties": {
        "name": "Carmen Germano",
        "description": "Con infancia en Chajarí, en un hogar de padre dedicado al comercio y madre ocupada en las tareas domésticas, fue pupila de las monjas Adoratrices del Santísimo Sacramento, de Concordia. Pronto se casó con Felipe Germano, funcionario bancario, sujeto a traslados que desembocaron en Paraná. Carmen fue ama de casa, actividad combinada con el dictado de clases de francés.\nEduardo era el mayor de sus cuatro hijos varones, nacido el 20 de febrero de 1958. Cursaba el cuarto año del Colegio La Salle, cuando lo eligieron presidente del centro de estudiantes. Militó en Montoneros y en 1974, a los 16 años de edad, pasó a la clandestinidad. Lo secuestraron en Rosario, el 17 de diciembre de 1976. Eduardo Germano tenía 18 años. La situación extrema sacudió a Carmen, su marido Felipe y sus hijos.\nCarmen Germano participó de la tremenda experiencia de concurrir a un cementerio, de Rosario, tras los restos de Eduardo. \nFalleció el 31 de julio de 2012, a los 74 años de edad, en Posadas. \nElvira y su hijo Guillermo ya no estaban con vida cuando los estudios forenses confirmaron que el sepultado como NN en Rosario era Eduardo.",
        "fecha": "",
        "foto": "",
        "categoria": "Personas desaparecidas",
        "_umap_options": {
          "color": "crimson",
          "iconClass": "Circle"
        }
      }
    },
    {
      "type": "Feature",
      "geometry": {
        "type": "Point",
        "coordinates": [
          -60.514584,
          -31.728897
        ]
      },
      "properties": {
        "name": "Clara Paulina Atelman de Fink",
        "description": "Clara Atelman nació el 24 de septiembre de 1928, conoció a su marido Efraín Fink durante su adolescencia en el pueblo Villa Clara. Juntos tuvieron un hijo a quien llamaron Claudio. \nEra descendiente de inmigrantes judíos rusos que llegaron al interior entrerriano a principios del siglo XX, escapando de la miseria y la persecución del zar Nicolás II.  \nClarita, como le decían sus compañeras y compañeros, fue una militante fundamental en la lucha por memoria, verdad y justicia desde que un grupo de tareas le arrancó de su casa a su hijo, descalzo y a medio vestir, la fría mañana del 12 de agosto de 1976. \nVivió más años luchando y exigiendo justicia que los que compartió con su hijo desaparecido a los 23 años.\nDesde fines de 1977, junto a su marido Efraín, formó parte de encuentros clandestinos en la iglesia Del Carmen de Paraná, con un grupo de madres y otros familiares de desaparecidos. La búsqueda por conocer el paradero de su hijo la llevó a participar de las reuniones de la Liga Argentina por los Derechos del Hombre en Rosario y luego de la Asamblea Permanente por los Derechos Humanos (APDH) en Paraná. \nEn la capital entrerriana fue una de las fundadoras de la Asociación de Familiares y Amigos de Desaparecidos Entrerrianos y en Entre Ríos (AFADER), que impulsó, entre otras cosas, la construcción del Monumento a la Memoria en la ciudad.\nFalleció en el año 2022 sin conocer el paradero de su hijo.",
        "fecha": "",
        "foto": "",
        "categoria": "Personas desaparecidas",
        "_umap_options": {
          "color": "crimson",
          "iconClass": "Circle"
        }
      }
    },
    {
      "type": "Feature",
      "geometry": {
        "type": "Point",
        "coordinates": [
          -58.541336,
          -33.009527
        ]
      },
      "properties": {
        "name": "Elvira Cepeda de Bugnone",
        "description": "Nació el 10 de marzo de 1914. Se recibió de Maestra y de Profesora de francés y en 1942 se casó con Enrique Bugnone.\nTuvieron siete hijos: Ana María, Susana, Enrique, Estela, Marta, Esteban y María Elena. Juntos conformaron un hogar, compartieron el amor por el teatro.\nEl 6 de diciembre de 1977, en Buenos Aires, secuestraron a su hija Marta Elsa, que estaba embarazada, y su esposo, Jorge Ayastuy. También a su pequeño hijo, Matías, de 9 meses, quien luego fue recuperado por su familia.\nMás tarde, en la ciudad de La Plata, fuerzas militares secuestraron a su yerno Jorge Bonafini, esposo de su hija menor María Elena, quien sería luego secuestrada, el 25 de mayo de 1978. Ambos eran militantes políticos. \nElvira y Enrique recorrieron todas las reparticiones nacionales y provinciales, e iglesias, para averiguar el paradero, sin encontrar respuesta. \nElvira falleció el 24 de mayo del 2015. \nSus hijas María Elena, Marta y su nieto/a nacida en cautiverio permanecen desaparecidas.",
        "fecha": "",
        "foto": "",
        "categoria": "Personas desaparecidas",
        "_umap_options": {
          "color": "crimson",
          "iconClass": "Circle"
        }
      }
    },
    {
      "type": "Feature",
      "geometry": {
        "type": "Point",
        "coordinates": [
          -58.536701,
          -33.02205
        ]
      },
      "properties": {
        "name": "María Angélica Guido de Araujo",
        "description": "Nació en Urdinarrain, el 28 de febrero de 1922. La llamaban “Queca”. Conoció a Ángel Salvador Araujo y, ya casados, se instalaron en Gualeguaychú, donde tuvieron dos hijas: Ana María y Cristina. Como la mayoría de las mujeres de su tiempo, Queca se dedicó a su hogar; religiosa, tranquila, sociable, siempre respetó las libertades y decisiones de sus hijas.\nEn 1975, Ana María, su hija mayor, se trasladó a Paraná a estudiar Ciencias de la Educación. Allí comienza militar políticamente. El 25 de marzo de 1978 Ana María es secuestrada. Se desconoce en qué circunstancias y en qué lugar.\nQueca se integró al grupo de Madres de Plaza de Mayo Gualeguaychú y con su tranquilidad militó la búsqueda de Ana María, impulsada por el respeto a su ideología y el amor a la libertad de su hija. Falleció el 21 de junio de 2009.",
        "fecha": "",
        "foto": "",
        "categoria": "Personas desaparecidas",
        "_umap_options": {
          "color": "crimson",
          "iconClass": "Circle"
        }
      }
    },
    {
      "type": "Feature",
      "geometry": {
        "type": "Point",
        "coordinates": [
          -58.558674,
          -33.007944
        ]
      },
      "properties": {
        "name": "Matilde Noemí Díaz de Guastavino",
        "description": "“Mimí” nació el 5 de abril de 1926, creció en Seguí y tras la temprana muerte de su padre y de su madre cuando era aún una niña, se mudó con una tía a Paraná. Allí creció, y ya de joven, estudiando el profesorado de Matemática y trabajando de taquígrafa en la Cámara de Diputados en los años del primer peronismo, conoció a Esteban Guastavino, gualeguaychense que en ese entonces era diputado justicialista. Con él se casó y tuvo siete hijos. \nMimí era católica practicante y una reconocida amante y difusora de la cultura francesa. \nEnrique, el mayor de sus hijos, vivía y militaba en la ciudad de Santa Fe cuando fue secuestrado por fuerzas represivas de la dictadura genocida, el 17 de febrero de 1976. Pocos meses después, la dictadura también terminaría con la vida de su hija Patricia, acribillada por las Fuerzas Conjuntas en una esquina de La Plata, donde estudiaba Bioquímica y Farmacia.  \nComo gran parte de las Madres, Mimí salió en busca de respuestas, de justicia. Pudo recuperar el cuerpo de su hija, pero no el de Enrique, que continúa desaparecido. Mimí falleció el 21 de abril de 2016.",
        "fecha": "",
        "foto": "",
        "categoria": "Personas desaparecidas",
        "_umap_options": {
          "color": "crimson",
          "iconClass": "Circle"
        }
      }
    },
    {
      "type": "Feature",
      "geometry": {
        "type": "Point",
        "coordinates": [
          -58.548889,
          -33.014709
        ]
      },
      "properties": {
        "name": "Mireya Barquín de González ",
        "description": "Nació el 17 de agosto de 1933 en Choele Choel, provincia de Río Negro. Se casó con Adolfo Justo González, con quien tuvo cinco hijos: Pedro, Cristina, Norma, Elsa y José.\nEl 12 de agosto de 1976 su hija Norma, “Noni”, fue secuestrada de su lugar de trabajo, el supermercado “El Picaflor” (ubicado en Urquiza y Rosario de Gualeguaychú), por fuerzas de seguridad, en un operativo del Ejército con apoyo de la Policía de Entre Ríos, a plena luz del día y frente a numerosos testigos. Noni permanece desaparecida. \nMireya inició la incansable búsqueda de su hija y con ella la lucha colectiva, la organización, la militancia. Participó de la fundación de Madres de Plaza de Mayo. Sus hijas comparten una breve y sentida semblanza: “Ejemplo, espíritu, optimismo y compromiso de vida. El dolor atravesó tu cuerpo y alma completa, cuando se llevaron a Noni. Pero no enmudeciste ni desfalleciste. Te erguiste, clamando por aparición con vida y justicia. La lucha marcó tu vida hasta el final. Por Noni, por todos.”\nMireya falleció el 7 de julio de 2008, buscando a su hija.",
        "fecha": "",
        "foto": "",
        "categoria": "Personas desaparecidas",
        "_umap_options": {
          "color": "crimson",
          "iconClass": "Circle"
        }
      }
    },
    {
      "type": "Feature",
      "geometry": {
        "type": "Point",
        "coordinates": [
          -58.562622,
          -32.997722
        ]
      },
      "properties": {
        "name": "Odina Boffelli de Savoy",
        "description": "Nació el 30 de diciembre de 1922, en Colonia Caseros, Departamento de Concepción del Uruguay. Pertenecía a una familia de inmigrantes italianos llegados a Entre Ríos en 1870; era la menor de nueve hermanos que crecieron trabajando la tierra en una chacra. \nEn 1941 se casó con Rafael Francisco Savoy y juntos formaron una familia de cinco hijos en Gualeguaychú: Graciela, Adela Cristina (Leli), María del Carmen y Patricia Griselda. Odina era una madre y esposa, como muchas de las de su generación, dedicadas al hogar. \nEl 17 de diciembre de 1976 su hija Leli fue secuestrada y desaparecida por la dictadura y cuatro meses más tarde perdió a su compañero. \nTuvo que iniciar un camino para el que nadie la había preparado; junto con otras madres de Gualeguaychú golpeó puertas en los Ministerios, Embajadas, Obispados, ante el Papa en Brasil, en Organismos Internacionales. \nPidió ayuda al Equipo Argentino de Antropología Forense y el 18 de octubre de 2014 los restos de Leli fueron restituidos a su familia y a su ciudad. Diecinueve días después, el 6 de noviembre de ese año, Odina falleció a los 91 años de edad. Parecía haber finalizado una búsqueda.",
        "fecha": "",
        "foto": "",
        "categoria": "Personas desaparecidas",
        "_umap_options": {
          "color": "crimson",
          "iconClass": "Circle"
        }
      }
    },
    {
      "type": "Feature",
      "geometry": {
        "type": "Point",
        "coordinates": [
          -58.543053,
          -33.020179
        ]
      },
      "properties": {
        "name": "Olga Piedrabuena de Corfield",
        "description": "Nació en Nogoyá, el 14 de diciembre de 1930. Se casó con Emilio del Pino Corfield y con él tuvo, cuatro hijos: Eduardo, Carlos, Roberto y Jorge. A los 25 años, por razones de trabajo y en busca de una mejor vida se mudaron a Gualeguaychú. Olga y Emilio consiguieron trabajo en la Escuela Técnica y lograron, poco a poco y con mucho esfuerzo, forjar un hogar. Olga también trabajaba en OSPLAD, siendo una persona muy querida en todos los ámbitos.\nEn 1971 Eduardo, su hijo mayor, al que llamaban Buqui, se fue a estudiar psicología a Buenos Aires. Vivía en Lanús cuando fue secuestrado de su casa, el 2 de marzo de 1978. Olga recibió la noticia como un golpazo al corazón. “…Cuando caminaba por las calles no sentía mi cuerpo, era como si fuera una partícula de tierra que se llevaba el viento” así evocaba aquellos primeros y difíciles tiempos sin Buqui. \nOlga participó en actividades de Madres de Plaza de Mayo de Gualeguaychú. \nFalleció en agosto de 2024 en la búsqueda por saber qué pasó con su hijo.",
        "fecha": "",
        "foto": "",
        "categoria": "Personas desaparecidas",
        "_umap_options": {
          "color": "crimson",
          "iconClass": "Circle"
        }
      }
    },
    {
      "type": "Feature",
      "geometry": {
        "type": "Point",
        "coordinates": [
          -60.50909,
          -31.731525
        ]
      },
      "properties": {
        "name": "Pepita Goyeneche",
        "description": "Años después de la desaparición de su hija y su yerno en 1978, “Pepita” y su esposo, Dionisio Goyeneche, se mudaron en 1984 desde Goya hacia Paraná junto a sus nietos y fueron cofundadores de AFADER. \n“Pepita”, junto a Clarita Fink, fue una de las figuras más reconocidas en la ciudad y la provincia siendo parte de Madres de Plaza de Mayo. \nFalleció en el año 2009 sin poder encontrarse con su hija Élida y su yerno Pedro.\nPepita se fue en silencio. Se apagó lentamente. Rodeada de sus seres queridos, pero con ese dolor en la piel, en el alma y en el corazón. Su legado está en Oscar y en Clarisa, sus nietos, dos militantes de siempre también, en la lucha por \"memoria, verdad y justicia\", como les enseñó la abuela.",
        "fecha": "",
        "foto": "",
        "categoria": "Personas desaparecidas",
        "_umap_options": {
          "color": "crimson",
          "iconClass": "Circle"
        }
      }
    },
    {
      "type": "Feature",
      "geometry": {
        "type": "Point",
        "coordinates": [
          -58.538246,
          -33.014421
        ]
      },
      "properties": {
        "name": "Ramona Peruzzo de Raffo",
        "description": "Nació el 29 de diciembre de 1921, en Villa Lila, departamento Gualeguaychú. Hija de padres uruguayos, la menor de 18 hermanos, creció en el campo, en el seno de una familia trabajadora. Ya de joven y en Gualeguaychú ingresó al Frigorífico, donde conoció \ta Orlando Raffo, quien sería su gran amor y compañero toda la vida. Se casaron y en 1952 tuvieron al primero de sus 7 hijos, Orlando “Lito”.\nJuntos forjaron un hogar regido por valores católicos y compromiso social. Lito estudiaba arquitectura y militaba en Buenos Aires cuando, el 3 de marzo de 1977, fue secuestrado por fuerzas conjuntas de la Armada y Policía Federal. Se realizaron denuncias en todos los organismos nacionales y embajadas extranjeras, se presentaron habeas corpus, se escribió a distintos penales. Nunca se obtuvo repuesta.\nRamona, más conocida como “Lola”, falleció el 15 de noviembre de 2014, pocos meses después de que su compañero de vida Orlando lo hiciera. Lito, su hijo, continúa desaparecido.",
        "fecha": "",
        "foto": "",
        "categoria": "Personas desaparecidas",
        "_umap_options": {
          "color": "crimson",
          "iconClass": "Circle"
        }
      }
    },
    {
      "type": "Feature",
      "geometry": {
        "type": "Point",
        "coordinates": [
          -58.531551,
          -33.015717
        ]
      },
      "properties": {
        "name": "Rosa Fleitas de Pargas",
        "description": "Nació el 21 de mayo de 1921, en Paraná, siendo la menor de tres hermanos. Estudió locución y de joven participó en programas radiales. En 1945 conoció a quien sería su esposo, Roberto Pargas, médico gualeguaychense que entonces hacía su residencia en una Clínica en Rosario. Ya casados, se mudaron a Gualeguaychú, donde conformaron un hogar y tuvieron tres hijos: Carlos, Rosa María y Alicia. Plantas, cocina, música, poesía y, obviamente la radio, contenían ese mundo.\nCarlos, el hijo mayor, trabajaba en el Banco Nación cuando fue secuestrado el 12 de julio de 1976 de la sucursal Pellegrini, en la que era delegado gremial. Poco más de un año después, el 16 de agosto de 1977, fue secuestrada su hija Rosa María, en Lomas de Zamora, en un operativo donde además fue asesinado su yerno, Alberto Camps. Sus nietos, Mariano y Raquel, afortunadamente fueron recuperados en esos próximos días y devueltos a la familia. \nRosita inició como gran parte de la Madres, el trabajoso itinerario de búsqueda y averiguación por ministerios, iglesias, en Buenos Aires, sin resultados. Rosita falleció el 27 de junio de 2006. Los restos de Carlos fueron encontrados en 2005 por el Equipo Argentino de Antropología Forense y descansan en el Cementerio de Gualeguaychú. Rosa María permanece desaparecida.",
        "fecha": "",
        "foto": "",
        "categoria": "Personas desaparecidas",
        "_umap_options": {
          "color": "crimson",
          "iconClass": "Circle"
        }
      }
    }
  ]
}